﻿<?xml version="1.0" encoding="UTF-8"?><UltraData><Risk><id>0a66c0a0-0ee1-4ad6-bffb-1ab1aa39cb7c</id><fatherId>0</fatherId><Title>企业</Title><departmentNo>23</departmentNo><layer>1</layer><layerOrder>0023</layerOrder><isDel>0</isDel></Risk><Risk><id>12709651-d126-4bc0-984f-ca4adaecc007</id><fatherId>b5e48e92-1dcf-4de8-b60f-90bdcc8044e5</fatherId><Title>亚太公司</Title><departmentNo>20</departmentNo><layer>3</layer><layerOrder>001200160020</layerOrder><isDel>0</isDel></Risk><Risk><id>3234f138-e05d-405c-a646-1f0786991684</id><fatherId>0</fatherId><Title>集团公司</Title><departmentNo>12</departmentNo><layer>1</layer><layerOrder>0012</layerOrder><isDel>0</isDel></Risk><Risk><id>3353d94c-c702-41e5-b996-bc421de9e81d</id><fatherId>3234f138-e05d-405c-a646-1f0786991684</fatherId><Title>投资并购部</Title><departmentNo>13</departmentNo><layer>2</layer><layerOrder>00120013</layerOrder><isDel>0</isDel></Risk><Risk><id>46982457-07af-4855-91a6-c126cffcdcc0</id><fatherId>3234f138-e05d-405c-a646-1f0786991684</fatherId><Title>法律法规部</Title><departmentNo>18</departmentNo><layer>2</layer><layerOrder>00120018</layerOrder><isDel>0</isDel></Risk><Risk><id>4db5f9ea-2e70-4b3d-80b4-6096f74fa4be</id><fatherId>3234f138-e05d-405c-a646-1f0786991684</fatherId><Title>生产运营部</Title><departmentNo>15</departmentNo><layer>2</layer><layerOrder>00120015</layerOrder><isDel>0</isDel></Risk><Risk><id>8e56a795-79c4-49cd-94de-b33838bc42f7</id><fatherId>b5e48e92-1dcf-4de8-b60f-90bdcc8044e5</fatherId><Title>国际投资公司</Title><departmentNo>17</departmentNo><layer>3</layer><layerOrder>001200160017</layerOrder><isDel>0</isDel></Risk><Risk><id>9ae55d9e-11f8-4466-b237-b2484693973a</id><fatherId>3234f138-e05d-405c-a646-1f0786991684</fatherId><Title>财务部</Title><departmentNo>21</departmentNo><layer>2</layer><layerOrder>00120021</layerOrder><isDel>0</isDel></Risk><Risk><id>b516af45-fe89-4dd3-b3cc-d34d998a5812</id><fatherId>3234f138-e05d-405c-a646-1f0786991684</fatherId><Title>人力资源部</Title><departmentNo>19</departmentNo><layer>2</layer><layerOrder>00120019</layerOrder><isDel>0</isDel></Risk><Risk><id>b5e48e92-1dcf-4de8-b60f-90bdcc8044e5</id><fatherId>3234f138-e05d-405c-a646-1f0786991684</fatherId><Title>二级分公司</Title><departmentNo>16</departmentNo><layer>2</layer><layerOrder>00120016</layerOrder><isDel>0</isDel></Risk><Risk><id>b8870b91-9a0c-483e-93ac-4ecd780d4756</id><fatherId>0</fatherId><Title>国资委</Title><departmentNo>24</departmentNo><layer>1</layer><layerOrder>0024</layerOrder><isDel>0</isDel></Risk><Risk><id>d28c006b-c4ba-4283-94fc-20e3350a92cd</id><fatherId>3234f138-e05d-405c-a646-1f0786991684</fatherId><Title>项目管理部</Title><departmentNo>22</departmentNo><layer>2</layer><layerOrder>00120022</layerOrder><isDel>0</isDel></Risk><Risk><id>fa6dc41a-22cc-4a5f-aec5-7147c1ce949c</id><fatherId>3234f138-e05d-405c-a646-1f0786991684</fatherId><Title>风险管理部</Title><departmentNo>14</departmentNo><layer>2</layer><layerOrder>00120014</layerOrder><isDel>0</isDel></Risk></UltraData>