﻿<?xml version="1.0" encoding="UTF-8"?><UltraData><Risk><id>006e7e79-cd9d-48c0-9b0c-f00bb8b23af8</id><title>不到位</title><kpi></kpi><remark>对投资项目实施过程缺乏监控，投资后评价和问责机制不完善，缺乏合理的退出机制，投资管理制度和流程尚不健全，投资管理人才缺乏等</remark><belongDicType>250602e5-a571-418b-b5de-76c61c026739</belongDicType><isDel>0</isDel></Risk><Risk><id>03e96b5a-8d93-4f23-8bd6-325b95c60d2c</id><title>复苏充满不确定性</title><kpi></kpi><remark>由于全球通货膨胀水平上升，经济失衡局面短期内难以改变，经济运行和结构调整将面临更为复杂的局面，企业海外经营将面临较多不确定性</remark><belongDicType>250602e5-a571-418b-b5de-76c61c026739</belongDicType><isDel>0</isDel></Risk><Risk><id>0470bcb8-a981-4b48-a1a0-c55e8c8ac014</id><title>严格规范当地雇员聘用手续和就职程序</title><kpi></kpi><remark></remark><belongDicType>2a592b4f-f596-40c8-a07d-200ca8bb6913</belongDicType><isDel>0</isDel></Risk><Risk><id>047ce2be-596c-41a6-ae8b-3784bf12c1bd</id><title>低于预期目标水平</title><kpi></kpi><remark>指与预期目标水平差距较大</remark><belongDicType>210afd31-26f4-4ae3-aeaf-9989e5a2442e</belongDicType><isDel>0</isDel></Risk><Risk><id>051d7a9f-2e5d-4a18-a393-99b432283ccc</id><title>高度重视兼并购后的重组整合工作</title><kpi></kpi><remark></remark><belongDicType>51594ef1-0ed4-42c0-b38b-59b63d5805fd</belongDicType><isDel>0</isDel></Risk><Risk><id>05db1099-d388-49cc-abea-22b4fbd1c8e4</id><title>注意保存来往函件、备忘录、会谈纪要、传真、电子数据等证据</title><kpi></kpi><remark></remark><belongDicType>2a592b4f-f596-40c8-a07d-200ca8bb6913</belongDicType><isDel>0</isDel></Risk><Risk><id>05f7c0ff-0ddc-4b8d-a68e-944ee8a57646</id><title>签署合同时明晰、细化合同条款</title><kpi></kpi><remark></remark><belongDicType>3c7a463d-21c0-44f6-8ca3-95b677d8c1ba</belongDicType><isDel>0</isDel></Risk><Risk><id>073a273d-88ca-4efe-950f-0b2f577cf0ab</id><title>dsdf</title><kpi></kpi><remark>sdfsdf</remark><belongDicType>2615e398-7a59-4658-91d4-eb8da2206f07</belongDicType><isDel>0</isDel></Risk><Risk><id>096960dc-2e50-4c02-870c-813328d3c4ad</id><title>价格</title><kpi></kpi><remark>指产品或者服务的价格</remark><belongDicType>0e10459f-324d-4659-a430-9adf13d89343</belongDicType><isDel>0</isDel></Risk><Risk><id>0baf31a4-63e0-4152-bae0-d75bb24a6b3f</id><title>11111</title><kpi></kpi><remark>5</remark><belongDicType>51359041-57d4-41b0-a5d7-983d31fb3e02</belongDicType><isDel>0</isDel></Risk><Risk><id>0d06aa74-3253-42e1-b06b-74a6a2ae54a6</id><title>价格上涨</title><kpi></kpi><remark></remark><belongDicType>9c7a0a64-f57b-4f7f-b852-1de1b6820d59</belongDicType><isDel>0</isDel></Risk><Risk><id>0e167fbd-faa5-4206-85f7-7068ff27400f</id><title>遭到法律诉讼</title><kpi></kpi><remark>遭到外部公司的法律诉讼</remark><belongDicType>b986fea8-9893-496b-beda-569fb47fafa4</belongDicType><isDel>0</isDel></Risk><Risk><id>0f1a94c3-d8d9-4f8f-af63-c0ef25994fbd</id><title>健全投资项目决策与评审机制</title><kpi></kpi><remark></remark><belongDicType>51594ef1-0ed4-42c0-b38b-59b63d5805fd</belongDicType><isDel>0</isDel></Risk><Risk><id>10fd2c5d-e804-4b60-a837-a740beefe880</id><title>政治经济形势变化</title><kpi></kpi><remark>政治经济形势变化</remark><belongDicType>9207e3c7-d259-4014-82c7-290deea8b0c0</belongDicType><isDel>0</isDel></Risk><Risk><id>11416293-03b4-4d18-9ca6-f1e1436e35bd</id><title>购买投资保险</title><kpi></kpi><remark>通过投保将风险转嫁给保险公司</remark><belongDicType>e23f5ac8-0e23-4532-b5c9-88cd6d6252c8</belongDicType><isDel>0</isDel></Risk><Risk><id>115c4b5f-c829-44de-9661-0a6cd8bd5d70</id><title>其他</title><kpi></kpi><remark>其他工程所需杂项</remark><belongDicType>2b8c2391-f5db-4bdc-a6dc-40e1d0787830</belongDicType><isDel>0</isDel></Risk><Risk><id>1282608b-ccc7-4f9d-9fd0-ee9d8016b16f</id><title>政策法规</title><kpi></kpi><remark>1</remark><belongDicType>51359041-57d4-41b0-a5d7-983d31fb3e02</belongDicType><isDel>0</isDel></Risk><Risk><id>12f34c3e-394e-4f5c-827d-e79bcbb50bde</id><title>借助金融衍生工具对冲风险</title><kpi></kpi><remark>例如各类期权、期货等金融产品</remark><belongDicType>e23f5ac8-0e23-4532-b5c9-88cd6d6252c8</belongDicType><isDel>0</isDel></Risk><Risk><id>14340ad1-5dfe-4416-9ba1-b44489a33242</id><title>问题比较突出</title><kpi></kpi><remark>在企业改革发展的关键阶段，企业发展理念、发展方针、发展战略、管理模式、商业模式都在不断变革，缺乏懂经营、懂管理、懂技术的高层次、高素质复合型人才，现有人才队伍结构尚不适应加快发展的需要。</remark><belongDicType>250602e5-a571-418b-b5de-76c61c026739</belongDicType><isDel>0</isDel></Risk><Risk><id>156095b2-44a4-47fa-82a6-3a2432915f70</id><title>库存</title><kpi></kpi><remark>指原料、产品等相关的库存</remark><belongDicType>69fe61c2-46de-45ec-b087-f636b1a9c624</belongDicType><isDel>0</isDel></Risk><Risk><id>15f281e3-6a74-4c04-afdd-3fcfaf8160ec</id><title>制定防恐和突发事件应急程序，开展反恐演习，增强突发事件的应急处理能力</title><kpi></kpi><remark></remark><belongDicType>2a592b4f-f596-40c8-a07d-200ca8bb6913</belongDicType><isDel>0</isDel></Risk><Risk><id>16c9ef85-4869-4f00-a824-545187c0e6e2</id><title>收益上升</title><kpi></kpi><remark>企业、项目等的收益上升</remark><belongDicType>b986fea8-9893-496b-beda-569fb47fafa4</belongDicType><isDel>0</isDel></Risk><Risk><id>178279cc-90a9-41d0-827a-014544343d4b</id><title>风险评估不充分</title><kpi></kpi><remark>没有充分、系统的风险评估</remark><belongDicType>846b43b7-7a61-46d4-a517-66cd02a53638</belongDicType><isDel>0</isDel></Risk><Risk><id>18397984-eb9e-44cd-9861-f09a06577c04</id><title>避免出现将核心资源用于非主营业务</title><kpi></kpi><remark></remark><belongDicType>e23f5ac8-0e23-4532-b5c9-88cd6d6252c8</belongDicType><isDel>0</isDel></Risk><Risk><id>18801dfb-5500-405c-b8bf-16d84360a33a</id><title>加强项目管理制度建设，提高项目管理水平</title><kpi></kpi><remark></remark><belongDicType>51594ef1-0ed4-42c0-b38b-59b63d5805fd</belongDicType><isDel>0</isDel></Risk><Risk><id>18c9257e-70a3-4462-83e8-1c3379c6620f</id><title>知识产权</title><kpi></kpi><remark>指产品、技术、原料等相关的知识产权</remark><belongDicType>69fe61c2-46de-45ec-b087-f636b1a9c624</belongDicType><isDel>0</isDel></Risk><Risk><id>19483203-b6ab-4ed1-b7ed-cf9a064866a1</id><title>收益</title><kpi>1</kpi><remark>2</remark><belongDicType>2250b50c-00dd-4669-a91a-ac2e16926d04</belongDicType><isDel>0</isDel></Risk><Risk><id>199454b4-4722-4434-a069-710029914eef</id><title>保留</title><kpi></kpi><remark>保留保留</remark><belongDicType>18389378-f914-4ed9-965d-ec9a3539ddef</belongDicType><isDel>0</isDel></Risk><Risk><id>1be1cd84-c1e1-4d11-ab80-1c09b74ee93c</id><title>价格</title><kpi></kpi><remark>价格</remark><belongDicType>51359041-57d4-41b0-a5d7-983d31fb3e02</belongDicType><isDel>0</isDel></Risk><Risk><id>1c0060e5-252d-436f-a2e2-828fff5df3f7</id><title>实施管控能力</title><kpi></kpi><remark>项目进度、成本、质量等方面的实施管理控制能力</remark><belongDicType>14c9c1c4-f209-4288-83a6-dcf58fd42839</belongDicType><isDel>0</isDel></Risk><Risk><id>1cc67207-e69f-4518-9590-c696a5255705</id><title>加大投入力度，积极探索安健环管理新措施</title><kpi></kpi><remark></remark><belongDicType>51594ef1-0ed4-42c0-b38b-59b63d5805fd</belongDicType><isDel>0</isDel></Risk><Risk><id>1d5bdb4b-2cd5-42ef-a20f-195d987dca49</id><title>综合考虑和分析目标企业与本企业的战略匹配度</title><kpi></kpi><remark></remark><belongDicType>e23f5ac8-0e23-4532-b5c9-88cd6d6252c8</belongDicType><isDel>0</isDel></Risk><Risk><id>1da6aa78-d4b6-4912-be90-83fb9219b08c</id><title>加强事故报告与应急体系建设</title><kpi></kpi><remark></remark><belongDicType>51594ef1-0ed4-42c0-b38b-59b63d5805fd</belongDicType><isDel>0</isDel></Risk><Risk><id>1e090193-efe2-474f-838a-d1b21e2fde7d</id><title>企业</title><kpi></kpi><remark>指公司、企业，包括母公司和子公司等</remark><belongDicType>69fe61c2-46de-45ec-b087-f636b1a9c624</belongDicType><isDel>0</isDel></Risk><Risk><id>1e8571e6-4fee-49ae-b680-629fdfc943f8</id><title>注意查询其它公司的知识产权，防止法律诉讼案件发生</title><kpi></kpi><remark></remark><belongDicType>2a592b4f-f596-40c8-a07d-200ca8bb6913</belongDicType><isDel>0</isDel></Risk><Risk><id>1f3ed797-0a2e-4aeb-95c4-209d4185b9d7</id><title>预测和研判技术和市场趋势</title><kpi></kpi><remark>在研判不定时完全可以放弃收购，或者在可承受的预算范围内投资收购</remark><belongDicType>e23f5ac8-0e23-4532-b5c9-88cd6d6252c8</belongDicType><isDel>0</isDel></Risk><Risk><id>1fe10462-e60d-465c-ba6a-e977fcd796e6</id><title>出现异常</title><kpi></kpi><remark>环境或者条件出现异常</remark><belongDicType>9207e3c7-d259-4014-82c7-290deea8b0c0</belongDicType><isDel>0</isDel></Risk><Risk><id>21591f06-6710-4e48-9bc3-2ea5a7dbabd9</id><title>项目</title><kpi></kpi><remark>指各类项目</remark><belongDicType>0e10459f-324d-4659-a430-9adf13d89343</belongDicType><isDel>0</isDel></Risk><Risk><id>217f7e54-e118-4edc-a4c5-4d74ec9c7389</id><title>汇率利率</title><kpi></kpi><remark>所在国利率和汇率</remark><belongDicType>14c9c1c4-f209-4288-83a6-dcf58fd42839</belongDicType><isDel>0</isDel></Risk><Risk><id>219e7978-fc14-4705-bb69-6137466a7931</id><title>企业</title><kpi></kpi><remark>中央企业集团下属企业</remark><belongDicType>14c9c1c4-f209-4288-83a6-dcf58fd42839</belongDicType><isDel>0</isDel></Risk><Risk><id>25b225fc-a73c-4582-9692-9ab3f8903f1e</id><title>KKK</title><kpi>NPV</kpi><remark>sdjkfsajkfd;la机卡分离第三；阿卡范德萨；里卡多撒；绿豆沙；反对拉到；的；；第三份；‘阿夫顿师德师风l's</remark><belongDicType>cdbe6f72-348f-4885-9733-4efe2e45cbc7</belongDicType><isDel>0</isDel></Risk><Risk><id>27c6f9e4-a54e-479c-954a-c13d4ed76f8e</id><title>sf</title><kpi></kpi><remark>sf</remark><belongDicType>51359041-57d4-41b0-a5d7-983d31fb3e02</belongDicType><isDel>0</isDel></Risk><Risk><id>27c92bee-0210-44a2-a8dd-0be84f3fab41</id><title>建立人才总部、国际、当地三级培训机制</title><kpi></kpi><remark></remark><belongDicType>2a592b4f-f596-40c8-a07d-200ca8bb6913</belongDicType><isDel>0</isDel></Risk><Risk><id>282be32f-be3c-42d2-840f-080ec6b8e89e</id><title>妥善安置一般员工</title><kpi></kpi><remark></remark><belongDicType>e23f5ac8-0e23-4532-b5c9-88cd6d6252c8</belongDicType><isDel>0</isDel></Risk><Risk><id>2840b3f7-a487-4b51-92ea-b43eb5bd5965</id><title>形成于合作伙伴工作例会机制</title><kpi></kpi><remark></remark><belongDicType>2a592b4f-f596-40c8-a07d-200ca8bb6913</belongDicType><isDel>0</isDel></Risk><Risk><id>285b7e6f-d2c6-4ef3-9f8f-6d1fb0914e34</id><title>汇率</title><kpi></kpi><remark>包括人民币、美元、英镑、欧元等的外汇价格比率</remark><belongDicType>0e10459f-324d-4659-a430-9adf13d89343</belongDicType><isDel>0</isDel></Risk><Risk><id>286eee9e-4423-483f-8244-89a51dc68636</id><title>建立健全财务风险控制机制</title><kpi></kpi><remark></remark><belongDicType>2a592b4f-f596-40c8-a07d-200ca8bb6913</belongDicType><isDel>0</isDel></Risk><Risk><id>289c43e9-550a-40d4-b398-af1afec1541c</id><title>企业发展</title><kpi></kpi><remark>企业战略规划实施和国内外市场开拓</remark><belongDicType>14c9c1c4-f209-4288-83a6-dcf58fd42839</belongDicType><isDel>0</isDel></Risk><Risk><id>289cc677-e8fc-414e-b5c9-70b03e4c1440</id><title>强化绩效文化</title><kpi></kpi><remark></remark><belongDicType>e23f5ac8-0e23-4532-b5c9-88cd6d6252c8</belongDicType><isDel>0</isDel></Risk><Risk><id>29803c23-42cb-470a-a5b8-ce432823b989</id><title>被罚款、责令整顿</title><kpi></kpi><remark>需按规定缴纳罚款、并被责令整顿</remark><belongDicType>3215ef94-f453-49ae-b4ac-4198cb9f3954</belongDicType><isDel>0</isDel></Risk><Risk><id>29f05024-65d2-4212-b36e-a8ca320d5536</id><title>资源</title><kpi></kpi><remark>企业经营所需各类资源，包括人、财、物等</remark><belongDicType>0e10459f-324d-4659-a430-9adf13d89343</belongDicType><isDel>0</isDel></Risk><Risk><id>2a438ca4-4b60-46e0-b132-80d7eb076a43</id><title>支付更多的资金或资源</title><kpi></kpi><remark>包括资金、股权等</remark><belongDicType>3215ef94-f453-49ae-b4ac-4198cb9f3954</belongDicType><isDel>0</isDel></Risk><Risk><id>2a5a9865-ba15-4937-8f73-cd3524bd293d</id><title>运营中断、延期</title><kpi></kpi><remark>生产或项目运营中断、工程延期</remark><belongDicType>b986fea8-9893-496b-beda-569fb47fafa4</belongDicType><isDel>0</isDel></Risk><Risk><id>2b73670a-baf0-44ba-b408-30733f8c2c61</id><title>自身管理水平不高或管理不到位</title><kpi></kpi><remark>企业健康安全环保意识薄弱，健康安全环保投入不足，标准化管理体系有待加强，安全环保监督检查不力，应急体系不规范不完善，安全环保专业人才缺乏等</remark><belongDicType>250602e5-a571-418b-b5de-76c61c026739</belongDicType><isDel>0</isDel></Risk><Risk><id>2cb05dc9-3591-487c-b7f6-d6274758f471</id><title>出现财务损失和现金流压力、企业关键人才流失、企业声誉和形象下降，影响企业正常运营及核心竞争优势</title><kpi></kpi><remark>投资失败将使企业无法获得预期收益，造成巨大的财务损失，影响企业资金链；可能造成企业人员流失、技术落后，使企业在市场竞争中逐渐失去优势；可能增加企业负债，降低再融资能力，招致索赔和诉讼，严重影响企业形象</remark><belongDicType>15bc67be-ff01-4ad2-8093-89659b09ed62</belongDicType><isDel>0</isDel></Risk><Risk><id>2cfa8d51-c173-448a-9d71-fdca4f64a5df</id><title>恐怖组织及犯罪团体</title><kpi></kpi><remark>从事恐怖活动的组织及相关犯罪团体</remark><belongDicType>14c9c1c4-f209-4288-83a6-dcf58fd42839</belongDicType><isDel>0</isDel></Risk><Risk><id>2d06cc04-b2a8-4c77-bb1b-46f9d61912ee</id><title>浮动盈亏</title><kpi></kpi><remark>当前时间资产价值</remark><belongDicType>af6e07c0-c3d6-4efd-8fc8-aa6a81d4bbe6</belongDicType><isDel>0</isDel></Risk><Risk><id>2d54da56-2d64-4a33-bac1-ca4430ec5060</id><title>加强有效沟通</title><kpi></kpi><remark></remark><belongDicType>e23f5ac8-0e23-4532-b5c9-88cd6d6252c8</belongDicType><isDel>0</isDel></Risk><Risk><id>2d5f9c73-2982-4af5-8b29-cb0d6fa6f022</id><title>sdf</title><kpi></kpi><remark>sdf</remark><isDel>0</isDel></Risk><Risk><id>2d70c395-3a95-42b8-b795-17ad9e21d5c7</id><title>加强对目标国政治、经济、文化、法律的研究，提高企业风险意识</title><kpi></kpi><remark></remark><belongDicType>51594ef1-0ed4-42c0-b38b-59b63d5805fd</belongDicType><isDel>0</isDel></Risk><Risk><id>2d80d167-927e-41ae-946d-4d7f00bc8448</id><title>钢结构</title><kpi></kpi><remark>由型钢和钢板通过焊接、螺栓连接或铆接而制成的工程结构</remark><belongDicType>2b8c2391-f5db-4bdc-a6dc-40e1d0787830</belongDicType><isDel>0</isDel></Risk><Risk><id>2e8178cb-bdee-4bab-ac14-cf8acbb27795</id><title>引入当地合作伙伴共同运营，将利润低的部分转包给当地公司，公司集中精力于利润高的部分</title><kpi></kpi><remark></remark><belongDicType>2a592b4f-f596-40c8-a07d-200ca8bb6913</belongDicType><isDel>0</isDel></Risk><Risk><id>2ec17b95-52e1-4f75-98e8-29d5fabbc8ef</id><title>成本</title><kpi></kpi><remark>生产成本</remark><belongDicType>51359041-57d4-41b0-a5d7-983d31fb3e02</belongDicType><isDel>0</isDel></Risk><Risk><id>2f492cee-c999-4580-8558-6f901267b31b</id><title>安全</title><kpi></kpi><remark></remark><belongDicType>2250b50c-00dd-4669-a91a-ac2e16926d04</belongDicType><isDel>0</isDel></Risk><Risk><id>30637f2c-a947-4301-97dd-bc0a8159a0b0</id><title>监管力度不断加大</title><kpi></kpi><remark>国家在健康、安全、环保等方面的监管力度不断加大，并相继出台了一系列法律法规，给企业健康安全环保工作带来较大挑战</remark><belongDicType>250602e5-a571-418b-b5de-76c61c026739</belongDicType><isDel>0</isDel></Risk><Risk><id>316edea8-25ec-4e01-b2cb-dbc83ad96bff</id><title>提高内部法务处理能力</title><kpi></kpi><remark>提升内部法律部门的地位和能力，引进或培养法律法务人员</remark><belongDicType>e23f5ac8-0e23-4532-b5c9-88cd6d6252c8</belongDicType><isDel>0</isDel></Risk><Risk><id>32930c7b-af5a-4468-b4d4-8380d7b8d2be</id><title>树立本地化经营管理的理念和观念</title><kpi></kpi><remark></remark><belongDicType>2a592b4f-f596-40c8-a07d-200ca8bb6913</belongDicType><isDel>0</isDel></Risk><Risk><id>32da9f51-c092-41d1-9336-c0969658a76b</id><title>尊重当地民族文化，采取融入当地文化的态度，保留或吸收当地企业的先进文化</title><kpi></kpi><remark></remark><belongDicType>e23f5ac8-0e23-4532-b5c9-88cd6d6252c8</belongDicType><isDel>0</isDel></Risk><Risk><id>334209d7-de04-4e85-9c41-1d1b20d40265</id><title>增加约束条款、调整付款方式，加强合同管理和执行力</title><kpi></kpi><remark></remark><belongDicType>2a592b4f-f596-40c8-a07d-200ca8bb6913</belongDicType><isDel>0</isDel></Risk><Risk><id>3523a117-cfef-4160-b0a5-b03be1745c21</id><title>安排后备承包商，并做好事先联系沟通工作</title><kpi></kpi><remark></remark><belongDicType>3c7a463d-21c0-44f6-8ca3-95b677d8c1ba</belongDicType><isDel>0</isDel></Risk><Risk><id>358920dd-be8f-4dc2-8d1e-772e02d3a364</id><title>提高跨文化管理与整合能力</title><kpi></kpi><remark></remark><belongDicType>e23f5ac8-0e23-4532-b5c9-88cd6d6252c8</belongDicType><isDel>0</isDel></Risk><Risk><id>362a366f-bbea-4054-ae05-94e5f9c7802a</id><title>共用结果2</title><kpi></kpi><remark>2</remark><belongDicType>dbc33c3a-7944-4844-9863-ef16969c1b05</belongDicType><isDel>0</isDel></Risk><Risk><id>36d02da9-7846-4469-986d-2255b82b689f</id><title>朝不利方向变动</title><kpi></kpi><remark>朝不利于目标实现的方向变化</remark><belongDicType>210afd31-26f4-4ae3-aeaf-9989e5a2442e</belongDicType><isDel>0</isDel></Risk><Risk><id>38b59356-e87f-47dc-a7ec-ce185b61dd3d</id><title>加强跨文化培训</title><kpi></kpi><remark></remark><belongDicType>e23f5ac8-0e23-4532-b5c9-88cd6d6252c8</belongDicType><isDel>0</isDel></Risk><Risk><id>39127bca-66b1-48ff-aeb0-f3a571fd25fc</id><title>价值减少</title><kpi></kpi><remark>指各类产品、服务、资产等相关价值的减少</remark><belongDicType>3215ef94-f453-49ae-b4ac-4198cb9f3954</belongDicType><isDel>0</isDel></Risk><Risk><id>3ad04049-d0f9-409f-81db-629c9cc47196</id><title>选择信用较好的业主</title><kpi></kpi><remark></remark><belongDicType>2a592b4f-f596-40c8-a07d-200ca8bb6913</belongDicType><isDel>0</isDel></Risk><Risk><id>3cec2c81-88b1-4105-ab03-d7f6a60af1d9</id><title>实行地方保护主义和贸易保护主义</title><kpi></kpi><remark>部分国家对我国企业海外投资并购抵制强烈，附加条件多且苛刻；部分国家市场经济体制不健全或监管歧视严重，存在贸易壁垒，地方保护主义严重等</remark><belongDicType>250602e5-a571-418b-b5de-76c61c026739</belongDicType><isDel>0</isDel></Risk><Risk><id>3d51d96c-5dfc-4934-8993-b10f4cc5baaa</id><title>竞争力</title><kpi></kpi><remark>企业各方面综合竞争力</remark><belongDicType>0e10459f-324d-4659-a430-9adf13d89343</belongDicType><isDel>0</isDel></Risk><Risk><id>3eef696a-662c-46a4-a924-3dd7479528b4</id><title>高级员工</title><kpi></kpi><remark>指企业管理或者技术骨干、高层等</remark><belongDicType>0e10459f-324d-4659-a430-9adf13d89343</belongDicType><isDel>0</isDel></Risk><Risk><id>3fb7e82a-c91b-43b0-a14e-95e9c88fab18</id><title>费用增加</title><kpi></kpi><remark>生产或项目费用增加</remark><belongDicType>b986fea8-9893-496b-beda-569fb47fafa4</belongDicType><isDel>0</isDel></Risk><Risk><id>406c0862-e844-46e3-b209-bd5738632fb2</id><title>恐怖组织及犯罪团体</title><kpi></kpi><remark>从事恐怖行为的组织及犯罪团体</remark><belongDicType>69fe61c2-46de-45ec-b087-f636b1a9c624</belongDicType><isDel>0</isDel></Risk><Risk><id>40862ffa-182e-4d60-a4c4-168e5f90e13a</id><title>提倡供应商“寄售”模式，减少资金占用</title><kpi></kpi><remark></remark><belongDicType>2a592b4f-f596-40c8-a07d-200ca8bb6913</belongDicType><isDel>0</isDel></Risk><Risk><id>40a91a41-88da-40ef-a850-d7b10428e2a3</id><title>拒绝初始计划</title><kpi></kpi><remark>初始计划被拒绝，需要返工、重新制定</remark><belongDicType>7269d894-3d1c-4a74-a96f-46bc0391c784</belongDicType><isDel>0</isDel></Risk><Risk><id>40baa54f-7798-4ab3-8d07-0ab1747b2817</id><title>路面</title><kpi></kpi><remark>指用筑路材料铺在路基顶面，供车辆直接在其表面行驶的一层或多层的道路结构层</remark><belongDicType>2b8c2391-f5db-4bdc-a6dc-40e1d0787830</belongDicType><isDel>0</isDel></Risk><Risk><id>42bf980e-176b-4ffe-9d9f-227c39c527a0</id><title>内部收益率</title><kpi>IRR</kpi><remark>净现值为零时的收益率</remark><belongDicType>2ba29ddd-83f8-4026-b0da-338034be90f2</belongDicType><isDel>0</isDel></Risk><Risk><id>4330cbb1-c2f6-45d5-a13a-49cd0b5252df</id><title>对于新型技术服务，将项目分包，分包商出具履约保函并承担作业风险</title><kpi></kpi><remark></remark><belongDicType>2a592b4f-f596-40c8-a07d-200ca8bb6913</belongDicType><isDel>0</isDel></Risk><Risk><id>4385445c-e590-4cc7-b5a1-d81b6ea88c9e</id><title>建立海外安全管理制度体系，控制安全风险</title><kpi></kpi><remark></remark><belongDicType>51594ef1-0ed4-42c0-b38b-59b63d5805fd</belongDicType><isDel>0</isDel></Risk><Risk><id>43c3e815-2edf-4766-9194-c80fdbb07387</id><title>预警类别2</title><kpi></kpi><remark>对对对</remark><belongDicType>af6e07c0-c3d6-4efd-8fc8-aa6a81d4bbe6</belongDicType><isDel>0</isDel></Risk><Risk><id>43d8004a-706d-43ea-92fa-603377142629</id><title>不科学</title><kpi></kpi><remark>突出表现在企业投资决策程序不完善或未得到规范执行，投资项目前期论证不充分，投资项目审核和决策依据不科学，决策人员经验及能力欠缺以及一些难以定量分析的不确定因素等</remark><belongDicType>250602e5-a571-418b-b5de-76c61c026739</belongDicType><isDel>0</isDel></Risk><Risk><id>4597fde3-d321-410e-93a3-7d1edf452cf7</id><title>重视劳资冲突，减少劳资风险</title><kpi></kpi><remark></remark><belongDicType>e23f5ac8-0e23-4532-b5c9-88cd6d6252c8</belongDicType><isDel>0</isDel></Risk><Risk><id>45b36ca7-a721-4237-acf9-641fc4426a29</id><title>非常激烈</title><kpi></kpi><remark>各央企都处于国内行业发展的前端，鉴于行业的快速发展与人才的相对短缺，目前行业人才尤其是核心技术人才的市场竞争较为激烈，竞争对手不断争夺企业在优势领域的核心技术人才，导致部分核心技术人员流失</remark><belongDicType>250602e5-a571-418b-b5de-76c61c026739</belongDicType><isDel>0</isDel></Risk><Risk><id>4683158e-682a-4c73-9e1b-a29e0acffcf3</id><title>管理机制和体制</title><kpi></kpi><remark>指人力资源规划、管理程序、绩效考核、培养机制、激励政策等</remark><belongDicType>14c9c1c4-f209-4288-83a6-dcf58fd42839</belongDicType><isDel>0</isDel></Risk><Risk><id>46db2338-beee-40fc-9bef-d06334a89ca3</id><title>国际化经营</title><kpi></kpi><remark>中央企业参与国际化经营中的海外业务</remark><belongDicType>14c9c1c4-f209-4288-83a6-dcf58fd42839</belongDicType><isDel>0</isDel></Risk><Risk><id>46e69073-f86a-4b59-93e6-d653d41ac65b</id><title>认真研究当地法律环境</title><kpi></kpi><remark>包括反垄断法、跨国并购审查法、证券交易法、公司法、社会保障法、破产法等</remark><belongDicType>e23f5ac8-0e23-4532-b5c9-88cd6d6252c8</belongDicType><isDel>0</isDel></Risk><Risk><id>471e6197-3666-4ad7-b539-b3c554e086c3</id><title>本地化员工</title><kpi></kpi><remark>来自企业或项目所在地的本土员工</remark><belongDicType>69fe61c2-46de-45ec-b087-f636b1a9c624</belongDicType><isDel>0</isDel></Risk><Risk><id>475db0c0-a4c2-4c3d-bebf-aa6ebc0c1824</id><title>成本</title><kpi></kpi><remark>指各类活动成本</remark><belongDicType>0e10459f-324d-4659-a430-9adf13d89343</belongDicType><isDel>0</isDel></Risk><Risk><id>478124ff-a2de-4031-8d87-5786e11647b0</id><title>所有第三方的服务和供应商交货全采用现场服务方式，交易整体打包</title><kpi></kpi><remark></remark><belongDicType>2a592b4f-f596-40c8-a07d-200ca8bb6913</belongDicType><isDel>0</isDel></Risk><Risk><id>47a0213a-a5e3-49e0-a6f3-c712278f12c0</id><title>分享分享</title><kpi></kpi><remark>分享分享</remark><belongDicType>b4cb42fe-d145-47bb-9f71-46e423df267b</belongDicType><isDel>0</isDel></Risk><Risk><id>47a6174e-d095-4e64-a836-4325aa6eb073</id><title>资产</title><kpi></kpi><remark>资产</remark><belongDicType>51359041-57d4-41b0-a5d7-983d31fb3e02</belongDicType><isDel>0</isDel></Risk><Risk><id>489fb02f-a80a-4eae-9504-1fde19d2b3a7</id><title>采用多品牌策略，放弃没落品牌、采用过渡性品牌及联合品牌策略，并聘请品牌经营人才</title><kpi></kpi><remark></remark><belongDicType>e23f5ac8-0e23-4532-b5c9-88cd6d6252c8</belongDicType><isDel>0</isDel></Risk><Risk><id>48b74db3-ac7f-4d19-89dc-0736d3c85f4d</id><title>使用效率低下或处置不当</title><kpi></kpi><remark>资产、设备等因为某些原因使用效率低下或处置不当</remark><belongDicType>210afd31-26f4-4ae3-aeaf-9989e5a2442e</belongDicType><isDel>0</isDel></Risk><Risk><id>496ac170-44d8-4b8f-b4c6-3fca5beffafc</id><title>侵犯我方或告我方侵犯他方知识产权</title><kpi></kpi><remark>外部公司侵犯我方知识产权，或者告我方侵犯他方知识产权</remark><belongDicType>3be32f5d-b34f-4dd6-8c68-86870d2850d4</belongDicType><isDel>0</isDel></Risk><Risk><id>4a34ed46-d8de-496a-a0d0-df81011b16f2</id><title>成本增加</title><kpi></kpi><remark>指项目或运营成本增加</remark><belongDicType>3215ef94-f453-49ae-b4ac-4198cb9f3954</belongDicType><isDel>0</isDel></Risk><Risk><id>4a4f298b-f572-43ca-b935-477ae1143f97</id><title>知识产权</title><kpi></kpi><remark></remark><belongDicType>51359041-57d4-41b0-a5d7-983d31fb3e02</belongDicType><isDel>0</isDel></Risk><Risk><id>4abe040c-3715-48c4-bc42-34bf473c10df</id><title>价值减少</title><kpi></kpi><remark>价值减少</remark><belongDicType>dbc33c3a-7944-4844-9863-ef16969c1b05</belongDicType><isDel>0</isDel></Risk><Risk><id>4b013061-92b5-4a6e-9e17-9f6e63854378</id><title>人才结构</title><kpi></kpi><remark>懂经营、懂技术、懂管理等不同方面的人才队伍组成结构</remark><belongDicType>14c9c1c4-f209-4288-83a6-dcf58fd42839</belongDicType><isDel>0</isDel></Risk><Risk><id>4b537766-36c3-4dc2-b9dc-ccf1b6e64100</id><title>针对文化差异，通过敏感性训练，培养跨文化认同能力和适应能力</title><kpi></kpi><remark></remark><belongDicType>e23f5ac8-0e23-4532-b5c9-88cd6d6252c8</belongDicType><isDel>0</isDel></Risk><Risk><id>4c11fdb2-d044-47e1-b0cf-109e89f31937</id><title>影响项目进展、成本、企业声誉，带来经济损失，危及员工人身安全、影响战略和经营目标的实现</title><kpi></kpi><remark>直接影响企业项目进展，或导致项目成本上升甚至失败；影响企业经济效益或给企业带来经济损失；影响企业战略和经营目标的实现；引起法律纠纷，影响企业声誉；直接危及员工人身安全。</remark><belongDicType>15bc67be-ff01-4ad2-8093-89659b09ed62</belongDicType><isDel>0</isDel></Risk><Risk><id>4d0961d4-659d-4c0c-a343-ef99609c6464</id><title>并购后企业</title><kpi></kpi><remark>企业并购后形成的新企业</remark><belongDicType>0e10459f-324d-4659-a430-9adf13d89343</belongDicType><isDel>0</isDel></Risk><Risk><id>4d150e4b-95f5-4bb1-9a1a-091c9f54d99d</id><title>制定人才本土化配套的管理制度、办法和程序</title><kpi></kpi><remark></remark><belongDicType>2a592b4f-f596-40c8-a07d-200ca8bb6913</belongDicType><isDel>0</isDel></Risk><Risk><id>4d593806-2d2e-4d71-8960-591e366060b9</id><title>加强与政府等权威机构的联系，创造良好的外部环境</title><kpi></kpi><remark></remark><belongDicType>51594ef1-0ed4-42c0-b38b-59b63d5805fd</belongDicType><isDel>0</isDel></Risk><Risk><id>4e867c20-654f-45fd-82c5-5b578237d3ae</id><title>认定公司违反当地法律法规</title><kpi></kpi><remark>认定公司、企业或项目违反所在地法律和法规</remark><belongDicType>3be32f5d-b34f-4dd6-8c68-86870d2850d4</belongDicType><isDel>0</isDel></Risk><Risk><id>4ea982d4-2689-4830-80b2-ad17e5c2bb29</id><title>切实推进投资项目考核与后评价工作</title><kpi></kpi><remark></remark><belongDicType>51594ef1-0ed4-42c0-b38b-59b63d5805fd</belongDicType><isDel>0</isDel></Risk><Risk><id>4f7fae02-1461-486a-a6ee-f8c2ed5db903</id><title>地下水</title><kpi></kpi><remark>是贮存于包气带以下地层空隙中的水</remark><belongDicType>2b8c2391-f5db-4bdc-a6dc-40e1d0787830</belongDicType><isDel>0</isDel></Risk><Risk><id>50ecf725-e06a-497a-ab21-0130998efbd0</id><title>共用结果</title><kpi></kpi><remark></remark><belongDicType>dbc33c3a-7944-4844-9863-ef16969c1b05</belongDicType><isDel>0</isDel></Risk><Risk><id>512e8665-d864-42fe-b616-fee865ef35bf</id><title>认定违反法律或法规</title><kpi></kpi><remark>认定企业、项目、运营违反所在地法律或法规</remark><belongDicType>210afd31-26f4-4ae3-aeaf-9989e5a2442e</belongDicType><isDel>0</isDel></Risk><Risk><id>51d9f7fc-8c74-4fb6-a33d-9a53a88b7b38</id><title>海外市场</title><kpi></kpi><remark>企业海外业务市场</remark><belongDicType>14c9c1c4-f209-4288-83a6-dcf58fd42839</belongDicType><isDel>0</isDel></Risk><Risk><id>5205f4ae-7fac-44fd-8dd9-6e54fa6e4b0a</id><title>出现思想不稳定或主动离职等现象</title><kpi></kpi><remark>企业员工或者高管因为某种原因出现思想不稳定或主动离职等现象</remark><belongDicType>210afd31-26f4-4ae3-aeaf-9989e5a2442e</belongDicType><isDel>0</isDel></Risk><Risk><id>5344571a-626d-4683-b7c4-216af5e85faf</id><title>财务</title><kpi>kp</kpi><remark>备注</remark><belongDicType>2250b50c-00dd-4669-a91a-ac2e16926d04</belongDicType><isDel>0</isDel></Risk><Risk><id>535f44ab-68b5-4b4d-af84-18ebd741ed1a</id><title>制定完善的人才需求、资质、招聘和培养计划</title><kpi></kpi><remark></remark><belongDicType>2a592b4f-f596-40c8-a07d-200ca8bb6913</belongDicType><isDel>0</isDel></Risk><Risk><id>53d01630-189c-4a4d-b015-ca218dee00ef</id><title>加强投资项目过程管控</title><kpi></kpi><remark></remark><belongDicType>51594ef1-0ed4-42c0-b38b-59b63d5805fd</belongDicType><isDel>0</isDel></Risk><Risk><id>54288a59-4299-4328-a243-20d8c1599891</id><title>发生事故</title><kpi></kpi><remark>发生生产安全事故等</remark><belongDicType>b986fea8-9893-496b-beda-569fb47fafa4</belongDicType><isDel>0</isDel></Risk><Risk><id>55e3a661-f37a-4753-b945-13b38b7687a8</id><title>因素测试23</title><kpi></kpi><remark></remark><belongDicType>51359041-57d4-41b0-a5d7-983d31fb3e02</belongDicType><isDel>0</isDel></Risk><Risk><id>563243c3-9104-4312-8de2-1caa0d071eae</id><title>加强现金流管理</title><kpi></kpi><remark>严控收支、减少库存、减少流动资金占用</remark><belongDicType>e23f5ac8-0e23-4532-b5c9-88cd6d6252c8</belongDicType><isDel>0</isDel></Risk><Risk><id>567989aa-a861-469f-ae82-fecf3ad39681</id><title>加强海外投资运营管理，提高风险管控能力</title><kpi></kpi><remark></remark><belongDicType>51594ef1-0ed4-42c0-b38b-59b63d5805fd</belongDicType><isDel>0</isDel></Risk><Risk><id>580ea45f-e07d-4811-9703-254a3f823ef7</id><title>资金偿还压力较大</title><kpi></kpi><remark>指偿还企业或者项目所借资金的压力较大</remark><belongDicType>3215ef94-f453-49ae-b4ac-4198cb9f3954</belongDicType><isDel>0</isDel></Risk><Risk><id>5891ab1c-4d22-464d-9921-06285e807927</id><title>在公司运营过程中完全依法履行公司的义务</title><kpi></kpi><remark></remark><belongDicType>2a592b4f-f596-40c8-a07d-200ca8bb6913</belongDicType><isDel>0</isDel></Risk><Risk><id>59e56b32-3067-4bf0-81d2-221c2e8e969a</id><title>价格</title><kpi></kpi><remark>指各类现货及期货市场价格</remark><belongDicType>69fe61c2-46de-45ec-b087-f636b1a9c624</belongDicType><isDel>0</isDel></Risk><Risk><id>5a871e47-a55e-4f18-821d-e424515f8ce4</id><title>施工中断</title><kpi></kpi><remark>因故项目施工暂时中断</remark><belongDicType>850daea7-401f-48e7-b260-1e28f23d1f01</belongDicType><isDel>0</isDel></Risk><Risk><id>5af2a00d-1856-48ab-add4-06352518114f</id><title>安全</title><kpi>伤亡率</kpi><remark>人员伤亡情况</remark><belongDicType>2250b50c-00dd-4669-a91a-ac2e16926d04</belongDicType><isDel>0</isDel></Risk><Risk><id>5c209e50-a21c-4ec5-8391-18abc390d829</id><title>信用和能力较低</title><kpi></kpi><remark>拒绝按照合同规定履行义务，无法或降低履行质量</remark><belongDicType>3be32f5d-b34f-4dd6-8c68-86870d2850d4</belongDicType><isDel>0</isDel></Risk><Risk><id>5d8d1f27-ea40-4563-aef0-3b03b0a45da6</id><title>整合难度较大</title><kpi></kpi><remark>指业务经营、管理模式、企业文化的整合难度较大</remark><belongDicType>210afd31-26f4-4ae3-aeaf-9989e5a2442e</belongDicType><isDel>0</isDel></Risk><Risk><id>5d8e6bb4-6b05-4888-8fe4-a7a182970feb</id><title>员工</title><kpi></kpi><remark>企业自身的员工</remark><belongDicType>69fe61c2-46de-45ec-b087-f636b1a9c624</belongDicType><isDel>0</isDel></Risk><Risk><id>5df6df09-fbff-4346-9a5a-eecbf435d054</id><title>工作人员无法及时到位</title><kpi></kpi><remark>由于法律法规要求或者工作程序限制，导致工作人员无法及时到位</remark><belongDicType>b986fea8-9893-496b-beda-569fb47fafa4</belongDicType><isDel>0</isDel></Risk><Risk><id>5df76de7-3391-4ed7-9577-e391383ab6c4</id><title>员工</title><kpi></kpi><remark>企业内部员工</remark><belongDicType>0e10459f-324d-4659-a430-9adf13d89343</belongDicType><isDel>0</isDel></Risk><Risk><id>5e0c921b-6111-4db2-9ca1-7951fbeb0e87</id><title>返工</title><kpi></kpi><remark>项目、任务、产品等的返工</remark><belongDicType>850daea7-401f-48e7-b260-1e28f23d1f01</belongDicType><isDel>0</isDel></Risk><Risk><id>5eadf850-ecc1-4e82-8311-e5d1ee6cebe0</id><title>收益</title><kpi></kpi><remark>指各类活动的收益</remark><belongDicType>0e10459f-324d-4659-a430-9adf13d89343</belongDicType><isDel>0</isDel></Risk><Risk><id>5ed2da76-3cac-417e-ac1c-acef842a02de</id><title>业主</title><kpi></kpi><remark>工程项目甲方</remark><belongDicType>2b8c2391-f5db-4bdc-a6dc-40e1d0787830</belongDicType><isDel>0</isDel></Risk><Risk><id>602df31d-172f-4faf-b6d0-661d88109161</id><title>非正常运行</title><kpi></kpi><remark>受到影响非正常运行</remark><belongDicType>dbc33c3a-7944-4844-9863-ef16969c1b05</belongDicType><isDel>0</isDel></Risk><Risk><id>618cd7c3-96b1-4e55-b817-c96ac6b4c403</id><title>混凝土</title><kpi></kpi><remark>由胶凝材料将集料胶结成整体的工程复合材料</remark><belongDicType>2b8c2391-f5db-4bdc-a6dc-40e1d0787830</belongDicType><isDel>0</isDel></Risk><Risk><id>6253319f-05fd-4dd7-9ecd-7a215f7c60e8</id><title>延期或中断</title><kpi></kpi><remark>指项目或活动被迫延期或中断</remark><belongDicType>3215ef94-f453-49ae-b4ac-4198cb9f3954</belongDicType><isDel>0</isDel></Risk><Risk><id>62a0ea62-a60e-4954-8067-01d3c16428ca</id><title>购买施工中断险</title><kpi></kpi><remark></remark><belongDicType>3c7a463d-21c0-44f6-8ca3-95b677d8c1ba</belongDicType><isDel>0</isDel></Risk><Risk><id>62dc8639-c249-4f22-a96d-4825ff8e4040</id><title>项目决策不科学；项目规划不周或不合理，设计理念与方案不科学；项目进度、成本、质量等目标失控等</title><kpi></kpi><remark>项目决策不科学甚至决策失误；规划设计流程不完善或执行不严，导致项目规划不周或不合礼，设计理念与方案不科学；项目管理机制不健全，控制力度不够或制度执行不到位，导致项目进度、成本、质量等目标失控等</remark><belongDicType>15bc67be-ff01-4ad2-8093-89659b09ed62</belongDicType><isDel>0</isDel></Risk><Risk><id>63665a01-0bb3-4e82-bcc4-bbf74c49fb91</id><title>缺乏风险评估机制</title><kpi></kpi><remark>缺乏正式系统的风险评估机制</remark><belongDicType>024a6b26-4a57-4db4-9ee9-1656cd387d27</belongDicType><isDel>0</isDel></Risk><Risk><id>654ce9eb-23aa-4409-b4ad-8719b2517915</id><title>能力有待提高</title><kpi></kpi><remark>由于企业管理成熟度不够，规划设计流程不完善或执行不严，导致项目规划不周或不合理，设计理念与方案不科学</remark><belongDicType>250602e5-a571-418b-b5de-76c61c026739</belongDicType><isDel>0</isDel></Risk><Risk><id>656410fa-3881-4b12-ae34-c3528a4de658</id><title>积极参与PSC项目，谨慎参与JOB项目，严格审查TAC项目</title><kpi></kpi><remark></remark><belongDicType>2a592b4f-f596-40c8-a07d-200ca8bb6913</belongDicType><isDel>0</isDel></Risk><Risk><id>6743ad63-211c-46c1-a988-9fc3693c2a2a</id><title>退出</title><kpi></kpi><remark>开工前或者施工过程中推出</remark><belongDicType>7269d894-3d1c-4a74-a96f-46bc0391c784</belongDicType><isDel>0</isDel></Risk><Risk><id>679c4cd9-11ba-4a9a-8b4d-a2b244b23f0b</id><title>不健全</title><kpi></kpi><remark>由于项目前期调研不充分，论证评估不专业，对影响项目未来的政策变化趋势研判不到位，决策机制不健全，项目审批不严格等</remark><belongDicType>250602e5-a571-418b-b5de-76c61c026739</belongDicType><isDel>0</isDel></Risk><Risk><id>682ed3cb-0979-497f-a97b-ab180f0607fb</id><title>研究建立合理的投资退出机制</title><kpi></kpi><remark></remark><belongDicType>51594ef1-0ed4-42c0-b38b-59b63d5805fd</belongDicType><isDel>0</isDel></Risk><Risk><id>6859c875-e064-41cc-a9d5-7c62db302788</id><title>全球经济</title><kpi></kpi><remark>世界经济环境和状况</remark><belongDicType>14c9c1c4-f209-4288-83a6-dcf58fd42839</belongDicType><isDel>0</isDel></Risk><Risk><id>6937da53-9b8d-44b9-802e-ee102117069b</id><title>提高</title><kpi></kpi><remark>提高提高</remark><belongDicType>b4cb42fe-d145-47bb-9f71-46e423df267b</belongDicType><isDel>0</isDel></Risk><Risk><id>6d3ff832-4c45-43c5-956f-e0416f10fa6e</id><title>进行游行、示威、抵制、暴动等活动</title><kpi></kpi><remark>在企业或项目所在地进行游行、示威、抵制或暴动等活动</remark><belongDicType>210afd31-26f4-4ae3-aeaf-9989e5a2442e</belongDicType><isDel>0</isDel></Risk><Risk><id>6da445c1-c092-4f13-810f-47dfb273937c</id><title>汇率</title><kpi></kpi><remark>包括人民币、美元、欧元、英镑以及其他货币的价格比率</remark><belongDicType>69fe61c2-46de-45ec-b087-f636b1a9c624</belongDicType><isDel>0</isDel></Risk><Risk><id>6f09282f-4c94-4295-8161-c6bcc5eaa687</id><title>利润</title><kpi>利润</kpi><remark>指公司、企业或项目的利润</remark><belongDicType>4dbc51e3-889b-4b9b-9af2-66a5d0a9c509</belongDicType><isDel>0</isDel></Risk><Risk><id>6f33aa5b-7c1f-48cc-b67e-d201b2dbb5d7</id><title>保留</title><kpi></kpi><remark>保留保留</remark><belongDicType>b4cb42fe-d145-47bb-9f71-46e423df267b</belongDicType><isDel>0</isDel></Risk><Risk><id>6f4f7faf-8413-4b30-be89-e140766fa43b</id><title>所在地政府及监管机构</title><kpi></kpi><remark>负责健康、安全、环保等方面监管的政府和机构</remark><belongDicType>14c9c1c4-f209-4288-83a6-dcf58fd42839</belongDicType><isDel>0</isDel></Risk><Risk><id>7053d651-688e-4eac-beb5-94b46b6e5405</id><title>自然环境</title><kpi></kpi><remark>企业或项目所在地周边自然环境</remark><belongDicType>14c9c1c4-f209-4288-83a6-dcf58fd42839</belongDicType><isDel>0</isDel></Risk><Risk><id>708d9247-933c-4b14-ba03-231ac08436f5</id><title>整体规划和资源组织</title><kpi></kpi><remark>项目的整体策划、规划、设计、技术方案、施工安排、人员配置、工作程序等</remark><belongDicType>14c9c1c4-f209-4288-83a6-dcf58fd42839</belongDicType><isDel>0</isDel></Risk><Risk><id>7099bd3e-7490-4302-a03e-4d6a638d3376</id><title>政治局势复杂、社会和经济形势动荡</title><kpi></kpi><remark>目前我国企业的海外业务大多分布于非洲、中东、拉美等第三世界国家，这些国家和地区的政治及经济普遍存在着一定程度的不稳定性，个别地区甚至比较动荡，使得企业海外业务面临较大风险</remark><belongDicType>250602e5-a571-418b-b5de-76c61c026739</belongDicType><isDel>0</isDel></Risk><Risk><id>70b3b7f9-263a-49c9-8ed0-720f4b0c0002</id><title>留住优秀人才</title><kpi></kpi><remark></remark><belongDicType>e23f5ac8-0e23-4532-b5c9-88cd6d6252c8</belongDicType><isDel>0</isDel></Risk><Risk><id>715ba20d-b68b-49a7-857c-447b5f724caf</id><title>朝不利方向波动</title><kpi></kpi><remark>指价格、汇率或价值等朝不利方向波动</remark><belongDicType>210afd31-26f4-4ae3-aeaf-9989e5a2442e</belongDicType><isDel>0</isDel></Risk><Risk><id>729920c3-e50d-4b7e-8f12-635874d510de</id><title>业务管控能力</title><kpi></kpi><remark></remark><belongDicType>14c9c1c4-f209-4288-83a6-dcf58fd42839</belongDicType><isDel>0</isDel></Risk><Risk><id>74710c30-7da8-4e63-82e2-9d53d42b2478</id><title>加强资质审核</title><kpi></kpi><remark></remark><belongDicType>2a592b4f-f596-40c8-a07d-200ca8bb6913</belongDicType><isDel>0</isDel></Risk><Risk><id>749ceeb0-1b78-49a2-81b1-59e34eb517b6</id><title>排除</title><kpi></kpi><remark>排除描述文字2</remark><belongDicType>18389378-f914-4ed9-965d-ec9a3539ddef</belongDicType><isDel>0</isDel></Risk><Risk><id>74c86862-d15e-4474-852e-9485c080a564</id><title>出现管理决策失误</title><kpi></kpi><remark>因为某些原因导致管理决策失误</remark><belongDicType>210afd31-26f4-4ae3-aeaf-9989e5a2442e</belongDicType><isDel>0</isDel></Risk><Risk><id>75c55653-8dfe-4ec3-bee3-43cd3f18ea0a</id><title>与当地政府保持沟通和交流，了解潜在政策变化</title><kpi></kpi><remark></remark><belongDicType>2a592b4f-f596-40c8-a07d-200ca8bb6913</belongDicType><isDel>0</isDel></Risk><Risk><id>75c609b2-4b59-4ead-9f45-247ec4accd09</id><title>积压过多</title><kpi></kpi><remark>产品或原材料库存积压过多</remark><belongDicType>3be32f5d-b34f-4dd6-8c68-86870d2850d4</belongDicType><isDel>0</isDel></Risk><Risk><id>77a66772-ec92-40fe-b1ff-fe29987ceb4e</id><title>加强与国际安全组织的交流</title><kpi></kpi><remark></remark><belongDicType>2a592b4f-f596-40c8-a07d-200ca8bb6913</belongDicType><isDel>0</isDel></Risk><Risk><id>7802b47c-9a18-4001-a367-35778024eadb</id><title>发展过快</title><kpi></kpi><remark>发展加快，人力瓶颈问题愈加凸显，人力资源管理模式已跟不上公司跨越式发展的要求，企业整体人力资源配置还不够科学，招聘方法、评价体系仍需进一步完善。缺乏熟悉资本运营、法律、财务等各方面的专业人才及储备</remark><belongDicType>250602e5-a571-418b-b5de-76c61c026739</belongDicType><isDel>0</isDel></Risk><Risk><id>78849e46-e1c8-41f5-81e7-568d98980008</id><title>减少</title><kpi></kpi><remark>减少减少</remark><belongDicType>18389378-f914-4ed9-965d-ec9a3539ddef</belongDicType><isDel>0</isDel></Risk><Risk><id>7a04bc91-340f-46d3-ac46-a874ebd9ec99</id><title>寻求国家和政府的支持</title><kpi></kpi><remark></remark><belongDicType>e23f5ac8-0e23-4532-b5c9-88cd6d6252c8</belongDicType><isDel>0</isDel></Risk><Risk><id>7a420442-d018-4619-b968-2856d792f0c4</id><title>未按财务规定进行操作</title><kpi></kpi><remark>不按照财务规定进行操作，导致不合规结果</remark><belongDicType>3be32f5d-b34f-4dd6-8c68-86870d2850d4</belongDicType><isDel>0</isDel></Risk><Risk><id>7b9f0e99-2ca9-46a6-8441-02a929dc4b0d</id><title>当地政府</title><kpi></kpi><remark>企业或项目所在地政府</remark><belongDicType>51359041-57d4-41b0-a5d7-983d31fb3e02</belongDicType><isDel>0</isDel></Risk><Risk><id>7c1f698e-7233-4fc5-be03-f6fa467ec6e4</id><title>结合公司发展战略制定匹配的人力资源战略规划</title><kpi></kpi><remark></remark><belongDicType>51594ef1-0ed4-42c0-b38b-59b63d5805fd</belongDicType><isDel>0</isDel></Risk><Risk><id>7d14240b-49df-49df-9fb1-5f9f77c550da</id><title>难以发挥协同效应</title><kpi></kpi><remark>对目标企业信息收集不充分或前期调研不深入，并购制度和程序等内控基础不完备，并购行为未实现市场化，以及并购后整合能力不足等，导致并购后协同作用无法充分发挥</remark><belongDicType>250602e5-a571-418b-b5de-76c61c026739</belongDicType><isDel>0</isDel></Risk><Risk><id>7eda5c39-22ee-45f6-9d2a-49e1b1f9e391</id><title>未按照合同要求履行业务</title><kpi></kpi><remark>1）本身资质和信用不够；2）宏观经济形势发生大变化对其产生较大影响</remark><belongDicType>3be32f5d-b34f-4dd6-8c68-86870d2850d4</belongDicType><isDel>0</isDel></Risk><Risk><id>807e52ca-1775-48bf-b89e-78f0e4ef0770</id><title>成本降低</title><kpi></kpi><remark>成本降低</remark><belongDicType>9207e3c7-d259-4014-82c7-290deea8b0c0</belongDicType><isDel>0</isDel></Risk><Risk><id>8098cca5-19f8-40ea-8c48-53bc8e424312</id><title>尽职调查不详细</title><kpi></kpi><remark>尽职调查</remark><belongDicType>024a6b26-4a57-4db4-9ee9-1656cd387d27</belongDicType><isDel>0</isDel></Risk><Risk><id>81feb50f-1720-4c3e-8bea-8a589a6cb667</id><title>决策与审批</title><kpi></kpi><remark>项目的决策与审批机制</remark><belongDicType>14c9c1c4-f209-4288-83a6-dcf58fd42839</belongDicType><isDel>0</isDel></Risk><Risk><id>8348c000-1be7-450a-aa3c-2f48bf539994</id><title>缺失、不完善或者频繁变动</title><kpi></kpi><remark>政策、法律、法规缺失、不完善或频繁变动，导致企业海外业务面临较多不确定因素，海外经营合法权益难以得到有效维护</remark><belongDicType>250602e5-a571-418b-b5de-76c61c026739</belongDicType><isDel>0</isDel></Risk><Risk><id>8370b66c-ce1b-454d-a548-00a9dd568fa6</id><title>缺乏管理知识和经验</title><kpi></kpi><remark>缺乏充分的管理知识和经验</remark><belongDicType>210afd31-26f4-4ae3-aeaf-9989e5a2442e</belongDicType><isDel>0</isDel></Risk><Risk><id>83b92e83-6bc5-4bf4-acf9-78b554b86e52</id><title>矿储量</title><kpi></kpi><remark>各类矿物储量</remark><belongDicType>51359041-57d4-41b0-a5d7-983d31fb3e02</belongDicType><isDel>0</isDel></Risk><Risk><id>83f78ff3-f8c1-4537-b088-eda0809f0f39</id><title>计划</title><kpi></kpi><remark>项目设计和管理计划</remark><belongDicType>2b8c2391-f5db-4bdc-a6dc-40e1d0787830</belongDicType><isDel>0</isDel></Risk><Risk><id>844f1160-cdaf-4eb7-9bcc-ec9dbf3fc87e</id><title>受到安全威胁</title><kpi></kpi><remark>包括人身、财产安全</remark><belongDicType>3215ef94-f453-49ae-b4ac-4198cb9f3954</belongDicType><isDel>0</isDel></Risk><Risk><id>856b1de3-ac06-4ba9-a5c4-57e766689c40</id><title>修改合同完善货币收支方式</title><kpi></kpi><remark></remark><belongDicType>2a592b4f-f596-40c8-a07d-200ca8bb6913</belongDicType><isDel>0</isDel></Risk><Risk><id>8611854a-53ae-4d7a-9b8d-32ef558a59d4</id><title>净利润</title><kpi>利润额</kpi><remark>年度净利润</remark><belongDicType>2250b50c-00dd-4669-a91a-ac2e16926d04</belongDicType><isDel>0</isDel></Risk><Risk><id>8666bfbe-5acb-42ff-b98f-5c5adcc7224f</id><title>提高整合有效性，充分利用规模成本效应</title><kpi></kpi><remark></remark><belongDicType>e23f5ac8-0e23-4532-b5c9-88cd6d6252c8</belongDicType><isDel>0</isDel></Risk><Risk><id>86d2009e-c9a7-4a6c-a3af-1258bd0b2bcc</id><title>缺乏充分的市场竞争力</title><kpi></kpi><remark>指价格、质量等方面缺乏充分的市场竞争力</remark><belongDicType>210afd31-26f4-4ae3-aeaf-9989e5a2442e</belongDicType><isDel>0</isDel></Risk><Risk><id>87a2cfd1-23e2-4f3f-91b8-b682821612ae</id><title>缓解员工压力</title><kpi></kpi><remark></remark><belongDicType>e23f5ac8-0e23-4532-b5c9-88cd6d6252c8</belongDicType><isDel>0</isDel></Risk><Risk><id>88299d18-4892-463d-aa0b-ec7767675a79</id><title>出现客户流失</title><kpi></kpi><remark>因为某些原因导致客户流失</remark><belongDicType>3215ef94-f453-49ae-b4ac-4198cb9f3954</belongDicType><isDel>0</isDel></Risk><Risk><id>88c5f841-b9b1-4053-9f38-3a376363df03</id><title>发生冲突、工作怠慢及偷盗企业资产行为</title><kpi></kpi><remark>因为某些原因导致发生冲突、工作怠慢及偷盗企业资产行为</remark><belongDicType>210afd31-26f4-4ae3-aeaf-9989e5a2442e</belongDicType><isDel>0</isDel></Risk><Risk><id>8a1d356f-402c-4ce2-b1e9-7cfb2aa5fe19</id><title>提高项目精细化管理程度，向管理要效益</title><kpi></kpi><remark></remark><belongDicType>51594ef1-0ed4-42c0-b38b-59b63d5805fd</belongDicType><isDel>0</isDel></Risk><Risk><id>8a5859be-d880-4142-b485-0e989c56cd4e</id><title>制定和完善采购流程和标准</title><kpi></kpi><remark></remark><belongDicType>2a592b4f-f596-40c8-a07d-200ca8bb6913</belongDicType><isDel>0</isDel></Risk><Risk><id>8aae3f2d-e48b-4e65-bfbe-e8edf2ed86b3</id><title>宏观经济和政策</title><kpi></kpi><remark>外部宏观政治经济形势、政策法规及社会环境</remark><belongDicType>0e10459f-324d-4659-a430-9adf13d89343</belongDicType><isDel>0</isDel></Risk><Risk><id>8b25e394-11d9-41e0-96a8-4e8cae9e4647</id><title>供应商</title><kpi></kpi><remark>指设备、原料等方面的供应商</remark><belongDicType>69fe61c2-46de-45ec-b087-f636b1a9c624</belongDicType><isDel>0</isDel></Risk><Risk><id>8b9fc8e2-2e46-44c4-8fba-3cbc0b8e1352</id><title>尊重当地法律法规</title><kpi></kpi><remark>了解、熟悉当地法律法规，并坚持依法办事的原则</remark><belongDicType>e23f5ac8-0e23-4532-b5c9-88cd6d6252c8</belongDicType><isDel>0</isDel></Risk><Risk><id>8bf2aae8-d1ed-4fdf-884d-7de9b5c12139</id><title>生产经营管理</title><kpi></kpi><remark></remark><belongDicType>89afeefe-6a86-4e0a-9bdc-707aa443991e</belongDicType><isDel>0</isDel></Risk><Risk><id>8c3cfb09-4c68-43df-a360-c61d903bbf83</id><title>发起恐怖活动及袭击行为</title><kpi></kpi><remark>对我国境外人员和企业发起恐怖袭击和破坏活动</remark><belongDicType>250602e5-a571-418b-b5de-76c61c026739</belongDicType><isDel>0</isDel></Risk><Risk><id>8d49f34d-5027-417b-8092-88bd0edd6568</id><title>密切关注宏观经济、社会变化动态</title><kpi></kpi><remark></remark><belongDicType>2a592b4f-f596-40c8-a07d-200ca8bb6913</belongDicType><isDel>0</isDel></Risk><Risk><id>8d6896c8-569b-435a-b17c-758e6e5d7f77</id><title>加大风险评估力度，加强评估系统性和全面性</title><kpi></kpi><remark>对所在地政治、经济、法律和社会环境进行系统的考察和评估</remark><belongDicType>e23f5ac8-0e23-4532-b5c9-88cd6d6252c8</belongDicType><isDel>0</isDel></Risk><Risk><id>8f4b5f22-4b8c-4fd0-8b64-e4365c0e9428</id><title>通过合同将现场和前线的政治和社会奉献转移给业主</title><kpi></kpi><remark></remark><belongDicType>2a592b4f-f596-40c8-a07d-200ca8bb6913</belongDicType><isDel>0</isDel></Risk><Risk><id>9041c2b1-5c38-4cad-9385-2ba0374a6b41</id><title>运营</title><kpi></kpi><remark>企业运营</remark><belongDicType>51359041-57d4-41b0-a5d7-983d31fb3e02</belongDicType><isDel>0</isDel></Risk><Risk><id>90628277-6d26-4df6-8ad0-c2346c5f47a5</id><title>按照规定申请工作许可并缴纳相关费用</title><kpi></kpi><remark></remark><belongDicType>2a592b4f-f596-40c8-a07d-200ca8bb6913</belongDicType><isDel>0</isDel></Risk><Risk><id>915863ff-84ac-4db0-8bab-4bbc1784826f</id><title>投资分散化、融资多元化</title><kpi></kpi><remark>通过分散投资和多元融资降低风险影响</remark><belongDicType>e23f5ac8-0e23-4532-b5c9-88cd6d6252c8</belongDicType><isDel>0</isDel></Risk><Risk><id>929e7cc6-d681-4b42-989f-d2d0d674c414</id><title>坚持人民币作为海外投资结算货币</title><kpi></kpi><remark>增加主动权、话语权金额谈判筹码</remark><belongDicType>e23f5ac8-0e23-4532-b5c9-88cd6d6252c8</belongDicType><isDel>0</isDel></Risk><Risk><id>92e6a671-a857-479f-8104-b804d9c867ce</id><title>设计合理的交易结构，合理控制整合成本</title><kpi></kpi><remark></remark><belongDicType>e23f5ac8-0e23-4532-b5c9-88cd6d6252c8</belongDicType><isDel>0</isDel></Risk><Risk><id>932ef837-0d30-47d3-a668-f8031cd4d1ba</id><title>本身属于高危行业</title><kpi></kpi><remark>例如石油石化、能源开采、建筑施工等</remark><belongDicType>250602e5-a571-418b-b5de-76c61c026739</belongDicType><isDel>0</isDel></Risk><Risk><id>939e3e61-cf07-4319-a50f-24000cb9de30</id><title>完善企业标准化管理体系，严格问责机制</title><kpi></kpi><remark></remark><belongDicType>51594ef1-0ed4-42c0-b38b-59b63d5805fd</belongDicType><isDel>0</isDel></Risk><Risk><id>96f46fda-abc0-4ecc-9135-8b8220c527f3</id><title>合同或协议</title><kpi></kpi><remark>指各类合同和相关协议</remark><belongDicType>0e10459f-324d-4659-a430-9adf13d89343</belongDicType><isDel>0</isDel></Risk><Risk><id>97194a78-f4c3-454b-ad6c-df8c5ee4c382</id><title>投资决策</title><kpi></kpi><remark>企业投资相关活动的决策和程序</remark><belongDicType>14c9c1c4-f209-4288-83a6-dcf58fd42839</belongDicType><isDel>0</isDel></Risk><Risk><id>974b91ae-4f29-4769-b087-3fb2c7cea9d6</id><title>仔细测算资金需求量</title><kpi></kpi><remark>以防出现资金缺口</remark><belongDicType>e23f5ac8-0e23-4532-b5c9-88cd6d6252c8</belongDicType><isDel>0</isDel></Risk><Risk><id>997814c6-272d-4279-b2bf-fd67a4b1b885</id><title>资产损失、运营受到不利影响</title><kpi></kpi><remark>指资产和运营等方面受到不利影响</remark><belongDicType>3215ef94-f453-49ae-b4ac-4198cb9f3954</belongDicType><isDel>0</isDel></Risk><Risk><id>997bfc9a-c93b-4efc-b3ca-a89da9b879f8</id><title>人工</title><kpi></kpi><remark>项目所需人力</remark><belongDicType>2b8c2391-f5db-4bdc-a6dc-40e1d0787830</belongDicType><isDel>0</isDel></Risk><Risk><id>9ae1e6e3-b599-423e-844d-302094b966b6</id><title>朝不利方向波动</title><kpi></kpi><remark>指汇率、利率或价格等朝不利方向波动</remark><belongDicType>3be32f5d-b34f-4dd6-8c68-86870d2850d4</belongDicType><isDel>0</isDel></Risk><Risk><id>9b52ae14-e9ac-4da8-bb63-41795c4a0202</id><title>操作技能与管理水平表现较差</title><kpi></kpi><remark>素质参差不齐，技能与管理水平较差</remark><belongDicType>3be32f5d-b34f-4dd6-8c68-86870d2850d4</belongDicType><isDel>0</isDel></Risk><Risk><id>9bca5afa-82c4-408c-8fb9-3f98089a36a8</id><title>所在地反政府团体</title><kpi></kpi><remark>包括反政府政党、军队、团体、个人等</remark><belongDicType>0e10459f-324d-4659-a430-9adf13d89343</belongDicType><isDel>0</isDel></Risk><Risk><id>9bcd803f-dcc0-4586-94dd-91e5fa697dd4</id><title>风险事件</title><kpi></kpi><remark>1</remark><belongDicType>9207e3c7-d259-4014-82c7-290deea8b0c0</belongDicType><isDel>0</isDel></Risk><Risk><id>9dc16f6a-4af3-423a-94b4-f1cd5b6bee4e</id><title>技术应用困难</title><kpi></kpi><remark>技术应用困难</remark><belongDicType>024a6b26-4a57-4db4-9ee9-1656cd387d27</belongDicType><isDel>0</isDel></Risk><Risk><id>9e21dadd-7e39-4048-9214-d4ee60268b9e</id><title>违规操作</title><kpi></kpi><remark>违反安全规定操作机器和作业</remark><belongDicType>3be32f5d-b34f-4dd6-8c68-86870d2850d4</belongDicType><isDel>0</isDel></Risk><Risk><id>9e8feda1-332b-4e50-a0ae-3708ec0057b8</id><title>人力资源</title><kpi></kpi><remark>企业人力资源结构、状况、规划和管理等</remark><belongDicType>14c9c1c4-f209-4288-83a6-dcf58fd42839</belongDicType><isDel>0</isDel></Risk><Risk><id>9f3a5b57-2c46-49b0-a627-9cce4d769734</id><title>严格项目合同审查，降低违约风险</title><kpi></kpi><remark></remark><belongDicType>51594ef1-0ed4-42c0-b38b-59b63d5805fd</belongDicType><isDel>0</isDel></Risk><Risk><id>a01b8ce5-a3bf-4b67-aaeb-4e1af5726ce4</id><title>利益受损</title><kpi></kpi><remark>指各种资产、项目、收益等方面的利益受到损害</remark><belongDicType>b986fea8-9893-496b-beda-569fb47fafa4</belongDicType><isDel>0</isDel></Risk><Risk><id>a09a78c0-2a2d-4066-8447-54ef5b134643</id><title>质疑提议（或部分提议）</title><kpi></kpi><remark>质疑提议，要求加大审查力度</remark><belongDicType>210afd31-26f4-4ae3-aeaf-9989e5a2442e</belongDicType><isDel>0</isDel></Risk><Risk><id>a0a4c399-2ade-421e-88e7-afa355c1809f</id><title>不成熟</title><kpi></kpi><remark>人力资源规划方式和程序不科学、合理；缺乏员工离职的合理程序；未能建立科学合理且符合行业特点的绩效考核机制；缺乏人才培养机制；未建立科学合理的激励政策；人才开发、选拔、淘汰的理念和体制机制不成熟</remark><belongDicType>250602e5-a571-418b-b5de-76c61c026739</belongDicType><isDel>0</isDel></Risk><Risk><id>a0a52967-531c-4856-ba49-71b10e03edbd</id><title>加强与所在地相关各方的利益联系</title><kpi></kpi><remark>通过与所在地相关各方建立积极友好的联系，减少风险造成的损失</remark><belongDicType>e23f5ac8-0e23-4532-b5c9-88cd6d6252c8</belongDicType><isDel>0</isDel></Risk><Risk><id>a17404e3-1e6b-4231-9a02-d1c04743ff60</id><title>净现值</title><kpi>NPV</kpi><remark>指定收益率下的折现值</remark><belongDicType>2ba29ddd-83f8-4026-b0da-338034be90f2</belongDicType><isDel>0</isDel></Risk><Risk><id>a2731feb-eec2-48aa-a9b2-e411b2d60e90</id><title>所在地民众</title><kpi></kpi><remark>企业或项目所在地民众</remark><belongDicType>0e10459f-324d-4659-a430-9adf13d89343</belongDicType><isDel>0</isDel></Risk><Risk><id>a281ecf7-05b8-47c3-bdb4-1be76b46a7f1</id><title>薄弱</title><kpi></kpi><remark>项目管理机制不健全，控制力度不够或制度执行不到位</remark><belongDicType>250602e5-a571-418b-b5de-76c61c026739</belongDicType><isDel>0</isDel></Risk><Risk><id>a2938799-d6ec-4a62-89db-5493a92d802a</id><title>快速扩张</title><kpi></kpi><remark>随着企业经营规模快速扩张和经营环境日益复杂，现有管理能力和水平已不能满足业务发展需要，也给健康安全环保工作带来较大压力</remark><belongDicType>250602e5-a571-418b-b5de-76c61c026739</belongDicType><isDel>0</isDel></Risk><Risk><id>a2de0088-6ef7-4d0d-8771-0c23435683b1</id><title>价格</title><kpi></kpi><remark></remark><belongDicType>cdbe6f72-348f-4885-9733-4efe2e45cbc7</belongDicType><isDel>0</isDel></Risk><Risk><id>a589e388-fb82-4bad-b786-66e3e65d1981</id><title>波动</title><kpi></kpi><remark>波动</remark><belongDicType>dbc33c3a-7944-4844-9863-ef16969c1b05</belongDicType><isDel>0</isDel></Risk><Risk><id>a5cbec1a-b157-4870-91f2-82b9bd6f361a</id><title>被并企业员工</title><kpi></kpi><remark>指被并企业内部员工</remark><belongDicType>0e10459f-324d-4659-a430-9adf13d89343</belongDicType><isDel>0</isDel></Risk><Risk><id>a5e83a9a-3bdc-43c3-8238-e73ad7c9a0c3</id><title>波动较大</title><kpi></kpi><remark>波动较大</remark><belongDicType>9207e3c7-d259-4014-82c7-290deea8b0c0</belongDicType><isDel>0</isDel></Risk><Risk><id>a5fa5ad1-0c83-4d74-ab45-7efca63d4aa2</id><title>中央企业</title><kpi></kpi><remark>中央企业集团</remark><belongDicType>14c9c1c4-f209-4288-83a6-dcf58fd42839</belongDicType><isDel>0</isDel></Risk><Risk><id>a636af54-f4c8-4872-ab80-0d36cd2a60ee</id><title>发生自然灾害</title><kpi></kpi><remark>例如地震、洪水、台风等自然灾害</remark><belongDicType>250602e5-a571-418b-b5de-76c61c026739</belongDicType><isDel>0</isDel></Risk><Risk><id>a71e3e21-3555-412e-8515-7a6e3f3d749b</id><title>承包商</title><kpi></kpi><remark>分段工程承包商</remark><belongDicType>2b8c2391-f5db-4bdc-a6dc-40e1d0787830</belongDicType><isDel>0</isDel></Risk><Risk><id>a89de04c-f56a-4749-8354-9d2313a48294</id><title>认定公司违反当地劳动法律法规</title><kpi></kpi><remark>所在地政府或监管机构认定公司违反当地劳动法律法规</remark><belongDicType>3be32f5d-b34f-4dd6-8c68-86870d2850d4</belongDicType><isDel>0</isDel></Risk><Risk><id>ab6e3974-2379-4331-9159-3639952357a3</id><title>被并企业</title><kpi></kpi><remark>参与投资并购的被并方，包括公司、企业、工厂等</remark><belongDicType>0e10459f-324d-4659-a430-9adf13d89343</belongDicType><isDel>0</isDel></Risk><Risk><id>acae1f39-49c9-4cba-b1fc-9f744bf2a405</id><title>强化项目规划与设计，细化项目实施准备工作</title><kpi></kpi><remark></remark><belongDicType>51594ef1-0ed4-42c0-b38b-59b63d5805fd</belongDicType><isDel>0</isDel></Risk><Risk><id>ad1a301d-d084-4ec0-94ba-38525c63e474</id><title>总费用</title><kpi>Cost</kpi><remark>项目总费用</remark><belongDicType>9ba1e9ed-0f70-4aeb-9c2c-8c18fa19b158</belongDicType><isDel>0</isDel></Risk><Risk><id>adce55c8-4013-450f-81e7-b9b5b27f2d10</id><title>不充分</title><kpi></kpi><remark>由于企业国际市场开拓经验积累较少，海外业务管理机制不健全，海外经营管理人才缺乏，对海外市场规律把握不准，海外竞争能力较弱等，给企业海外经营带来较大风险</remark><belongDicType>250602e5-a571-418b-b5de-76c61c026739</belongDicType><isDel>0</isDel></Risk><Risk><id>ade0a7a9-a94d-4976-ba5b-153dbc984eb4</id><title>所在地政府</title><kpi></kpi><remark>企业或项目所在地政府</remark><belongDicType>0e10459f-324d-4659-a430-9adf13d89343</belongDicType><isDel>0</isDel></Risk><Risk><id>adecbffd-bfb1-4c23-9d44-3681cc1a4710</id><title>收益减少</title><kpi></kpi><remark>指企业或者项目的收益减少</remark><belongDicType>b986fea8-9893-496b-beda-569fb47fafa4</belongDicType><isDel>0</isDel></Risk><Risk><id>aed02385-14ec-438e-baa8-841451e54acd</id><title>发动革命、战争或内乱</title><kpi></kpi><remark>指企业所在地发生革命、战争或内乱事件</remark><belongDicType>210afd31-26f4-4ae3-aeaf-9989e5a2442e</belongDicType><isDel>0</isDel></Risk><Risk><id>af691a9d-f833-4eef-8702-1080f34d2934</id><title>竞争力下降</title><kpi></kpi><remark>企业的竞争力下降</remark><belongDicType>3215ef94-f453-49ae-b4ac-4198cb9f3954</belongDicType><isDel>0</isDel></Risk><Risk><id>af99ccc9-a641-43d5-8952-14e8e7e21d61</id><title>所处行业</title><kpi></kpi><remark>企业从事的业务本身所属行业</remark><belongDicType>14c9c1c4-f209-4288-83a6-dcf58fd42839</belongDicType><isDel>0</isDel></Risk><Risk><id>b423bcbd-6b9a-4c26-9450-495e51de5369</id><title>针对新型目标市场，通过与当地代理合作，实现快速突破，同时转移法律、政策和税务风险</title><kpi></kpi><remark></remark><belongDicType>2a592b4f-f596-40c8-a07d-200ca8bb6913</belongDicType><isDel>0</isDel></Risk><Risk><id>b49dae89-a897-46fb-9edd-b67be9d6ca0c</id><title>收益下降</title><kpi></kpi><remark>指项目或活动的收益下降</remark><belongDicType>3215ef94-f453-49ae-b4ac-4198cb9f3954</belongDicType><isDel>0</isDel></Risk><Risk><id>b6897466-addc-4ac0-8de0-a33c50c8a80e</id><title>转移</title><kpi></kpi><remark>转移转移</remark><belongDicType>18389378-f914-4ed9-965d-ec9a3539ddef</belongDicType><isDel>0</isDel></Risk><Risk><id>b6b99694-6e1c-45b9-b191-29a9bd70c634</id><title>所在国政策和法律</title><kpi></kpi><remark>所在国劳务、税收、投资等方面的政策和法律</remark><belongDicType>14c9c1c4-f209-4288-83a6-dcf58fd42839</belongDicType><isDel>0</isDel></Risk><Risk><id>b6c753ec-21fd-4895-8748-5d0c18685252</id><title>受到不利影响</title><kpi></kpi><remark>指各类不利影响</remark><belongDicType>3215ef94-f453-49ae-b4ac-4198cb9f3954</belongDicType><isDel>0</isDel></Risk><Risk><id>b6f7889a-38cf-48e1-90ad-ed4057ff2df9</id><title>投资</title><kpi></kpi><remark>投资项目及投资过程</remark><belongDicType>14c9c1c4-f209-4288-83a6-dcf58fd42839</belongDicType><isDel>0</isDel></Risk><Risk><id>b723b638-42dc-4716-ba29-8a0d9e0dec58</id><title>建立流动资产优良率和变现能力评价制度</title><kpi></kpi><remark></remark><belongDicType>2a592b4f-f596-40c8-a07d-200ca8bb6913</belongDicType><isDel>0</isDel></Risk><Risk><id>b79d1a23-f2b1-4b82-b8e2-fe8c972faa4a</id><title>与小型勘探公司合作，收购已探明而没有足够实力开发的资源</title><kpi></kpi><remark></remark><belongDicType>e23f5ac8-0e23-4532-b5c9-88cd6d6252c8</belongDicType><isDel>0</isDel></Risk><Risk><id>b87244cf-6390-466f-b3cd-796bd0502b38</id><title>汇率</title><kpi></kpi><remark>包括美元、欧元和人民币的汇率</remark><belongDicType>51359041-57d4-41b0-a5d7-983d31fb3e02</belongDicType><isDel>0</isDel></Risk><Risk><id>b9830ee6-6f18-4264-814b-93f670d17474</id><title>质量不符合要求</title><kpi></kpi><remark>产品或服务质量不符合要求</remark><belongDicType>b986fea8-9893-496b-beda-569fb47fafa4</belongDicType><isDel>0</isDel></Risk><Risk><id>ba1c795f-18ce-4ac5-8154-47e740bc2dd7</id><title>基坑被水浸泡</title><kpi></kpi><remark>基坑开挖后，基地土被水浸泡，土质变软，承载力降低</remark><belongDicType>850daea7-401f-48e7-b260-1e28f23d1f01</belongDicType><isDel>0</isDel></Risk><Risk><id>baa97c52-149e-4770-9904-d753d4a89712</id><title>利率</title><kpi></kpi><remark>指一定时期内利息额同借贷资本总额的比率</remark><belongDicType>0e10459f-324d-4659-a430-9adf13d89343</belongDicType><isDel>0</isDel></Risk><Risk><id>bb26ac76-d2e2-4325-8336-2ce94fce34e0</id><title>诉诸法律争取利益</title><kpi></kpi><remark>认为受到不公平待遇而诉诸法律</remark><belongDicType>210afd31-26f4-4ae3-aeaf-9989e5a2442e</belongDicType><isDel>0</isDel></Risk><Risk><id>bbfaa0c5-689e-4e10-9056-9a5ec13d7879</id><title>现金流</title><kpi></kpi><remark></remark><belongDicType>9c7a0a64-f57b-4f7f-b852-1de1b6820d59</belongDicType><isDel>0</isDel></Risk><Risk><id>bce2182b-4c5a-49df-b325-76fefc64468a</id><title>数量多、规模大、周期长</title><kpi></kpi><remark>当前中央企业普遍处于经营规模扩张和业务转型的高速发展期，投资需求旺盛，投入资金大、开发难度大、运行控制复杂和投资回收期长的高风险高收益项目较多，增加了投资风险发生的可能性</remark><belongDicType>250602e5-a571-418b-b5de-76c61c026739</belongDicType><isDel>0</isDel></Risk><Risk><id>bd0ce7e5-13a8-4de5-a8e7-568c64034e5f</id><title>努力减少中方员工的暴露机会和时间</title><kpi></kpi><remark></remark><belongDicType>2a592b4f-f596-40c8-a07d-200ca8bb6913</belongDicType><isDel>0</isDel></Risk><Risk><id>bde8b26a-9d20-4aa5-89f8-bdc94c2fd3b1</id><title>项目</title><kpi></kpi><remark>指各类项目</remark><belongDicType>69fe61c2-46de-45ec-b087-f636b1a9c624</belongDicType><isDel>0</isDel></Risk><Risk><id>be7e8668-94d5-4c8d-89dd-c929f216dac1</id><title>加强监督检查，强化重点领域专项检查与治理</title><kpi></kpi><remark></remark><belongDicType>51594ef1-0ed4-42c0-b38b-59b63d5805fd</belongDicType><isDel>0</isDel></Risk><Risk><id>be89dee6-359c-46b2-80c5-63570745a648</id><title>开发运营或管理软件，实现数字化管理</title><kpi></kpi><remark></remark><belongDicType>2a592b4f-f596-40c8-a07d-200ca8bb6913</belongDicType><isDel>0</isDel></Risk><Risk><id>bec26f50-ef56-42dc-b00e-fe1f794b93dd</id><title>风险突然发生了</title><kpi></kpi><remark>1231211</remark><belongDicType>9207e3c7-d259-4014-82c7-290deea8b0c0</belongDicType><isDel>0</isDel></Risk><Risk><id>c0804113-7c7c-4a84-af1f-c2244f43659e</id><title>确定合理的市场进入策略和开发模式</title><kpi></kpi><remark></remark><belongDicType>2a592b4f-f596-40c8-a07d-200ca8bb6913</belongDicType><isDel>0</isDel></Risk><Risk><id>c08b45a2-9538-497c-baf0-f4a4d0f92b7e</id><title>所在国</title><kpi></kpi><remark>我国企业海外业务所在国家</remark><belongDicType>14c9c1c4-f209-4288-83a6-dcf58fd42839</belongDicType><isDel>0</isDel></Risk><Risk><id>c0a0b355-105f-46a3-a456-ad8f3e5cefa3</id><title>聘请外部中介机构评估和审计财务体系</title><kpi></kpi><remark></remark><belongDicType>2a592b4f-f596-40c8-a07d-200ca8bb6913</belongDicType><isDel>0</isDel></Risk><Risk><id>c121d156-87d4-438e-90a7-b43f5d0f5f2d</id><title>加快各类型投资管理人才培养和引进</title><kpi></kpi><remark></remark><belongDicType>51594ef1-0ed4-42c0-b38b-59b63d5805fd</belongDicType><isDel>0</isDel></Risk><Risk><id>c24be2ee-047f-461f-a924-f95cfb2015eb</id><title>与有实力的供应商或服务商建立战略伙伴关系</title><kpi></kpi><remark></remark><belongDicType>2a592b4f-f596-40c8-a07d-200ca8bb6913</belongDicType><isDel>0</isDel></Risk><Risk><id>c2b222a2-bdf7-4fec-8b5c-ffd0add6da1a</id><title>签订的技术合同超出自身的技术能力</title><kpi></kpi><remark>技术合同要求超出自身技术能力或与之不相符合</remark><belongDicType>3be32f5d-b34f-4dd6-8c68-86870d2850d4</belongDicType><isDel>0</isDel></Risk><Risk><id>c3272930-5e69-48d6-b917-71bebfe01ae0</id><title>设计合理的薪酬制度，建立合适的人力招聘、选拔、晋升、考核、培训机制</title><kpi></kpi><remark></remark><belongDicType>51594ef1-0ed4-42c0-b38b-59b63d5805fd</belongDicType><isDel>0</isDel></Risk><Risk><id>c3514772-554f-4844-956c-6feb1b54ecf3</id><title>土方</title><kpi></kpi><remark>挖土、填土、运输的工作</remark><belongDicType>2b8c2391-f5db-4bdc-a6dc-40e1d0787830</belongDicType><isDel>0</isDel></Risk><Risk><id>c40a37ac-4735-4098-b61d-242d7be820ce</id><title>外部宏观环境</title><kpi></kpi><remark>指外部的宏观经济、技术、社会环境</remark><belongDicType>0e10459f-324d-4659-a430-9adf13d89343</belongDicType><isDel>0</isDel></Risk><Risk><id>c4383492-34ba-49ed-93e4-9b504c5ecded</id><title>被罚款、责令整顿</title><kpi></kpi><remark>需按规定缴纳罚款、并被责令整顿</remark><belongDicType>b986fea8-9893-496b-beda-569fb47fafa4</belongDicType><isDel>0</isDel></Risk><Risk><id>c48a5670-68fd-4377-808e-4597b26ebe80</id><title>影响企业生产经营和中长期持续发展、影响依托项目和重大专项的进程、关键岗位人员流失引发企业机密泄露等</title><kpi></kpi><remark>新员工在企业文化和工作方式融合方面不适应公司快速发展的要求；关键人才缺乏，影响依托项目和重大专项的进程；企业关键岗位人员流失，引发企业机密泄露；后备人员不足，制约企业生产经营和中长期持续发展</remark><belongDicType>15bc67be-ff01-4ad2-8093-89659b09ed62</belongDicType><isDel>0</isDel></Risk><Risk><id>c4e38c9a-afd4-4e35-9aae-cc7a973093ec</id><title>竞争激烈</title><kpi></kpi><remark>需求波动、价格变化及市场竞争日益激烈等导致企业海外业务面临较大市场风险</remark><belongDicType>250602e5-a571-418b-b5de-76c61c026739</belongDicType><isDel>0</isDel></Risk><Risk><id>c5cf5d71-4e8a-4436-bec2-256ed2bf7a76</id><title>违规操作</title><kpi></kpi><remark></remark><belongDicType>51359041-57d4-41b0-a5d7-983d31fb3e02</belongDicType><isDel>0</isDel></Risk><Risk><id>c72f296b-dbdb-4a2c-884c-f9f676fa0f73</id><title>完善项目决策流程，提高项目决策质量</title><kpi></kpi><remark></remark><belongDicType>51594ef1-0ed4-42c0-b38b-59b63d5805fd</belongDicType><isDel>0</isDel></Risk><Risk><id>c77cc484-9483-483a-afd9-049fbaa654e5</id><title>5</title><kpi></kpi><remark>5</remark><belongDicType>ce31eddc-0cf8-4954-b320-d9ae0af100b7</belongDicType><isDel>0</isDel></Risk><Risk><id>c846a2c8-f995-4ea7-b9a9-351388d08f6c</id><title>发生突发灾害类事件</title><kpi></kpi><remark>指洪水、暴雨、地震、山体滑坡等灾害类事件</remark><belongDicType>210afd31-26f4-4ae3-aeaf-9989e5a2442e</belongDicType><isDel>0</isDel></Risk><Risk><id>c92b78a8-62ef-4793-bbb1-489c96d464f5</id><title>投资项目</title><kpi></kpi><remark>投资或并购项目</remark><belongDicType>14c9c1c4-f209-4288-83a6-dcf58fd42839</belongDicType><isDel>0</isDel></Risk><Risk><id>ca6a0e1b-fae2-4738-b4c8-41d25f796636</id><title>外国公司</title><kpi></kpi><remark>指外国公司、企业、竞争者、合作商等</remark><belongDicType>69fe61c2-46de-45ec-b087-f636b1a9c624</belongDicType><isDel>0</isDel></Risk><Risk><id>ca93f20d-9d76-4d9b-af55-a19a65c577f4</id><title>审慎选择投资目标</title><kpi></kpi><remark>对自身及目标企业的竞争力进行评估</remark><belongDicType>e23f5ac8-0e23-4532-b5c9-88cd6d6252c8</belongDicType><isDel>0</isDel></Risk><Risk><id>cb99b5a1-d649-451c-aeae-246a9043e240</id><title>做好自身技术、材料和设备的知识产权保护工作</title><kpi></kpi><remark></remark><belongDicType>2a592b4f-f596-40c8-a07d-200ca8bb6913</belongDicType><isDel>0</isDel></Risk><Risk><id>cbac9f94-f898-4960-9651-fb048128c8da</id><title>建立与大使馆及相关机构的沟通渠道，加强信息收集和分析</title><kpi></kpi><remark></remark><belongDicType>2a592b4f-f596-40c8-a07d-200ca8bb6913</belongDicType><isDel>0</isDel></Risk><Risk><id>cc07828a-4695-4885-b132-6932b535e950</id><title>人员健康、生命财产安全和环境保护受到不利影响</title><kpi></kpi><remark>员工身体和心理上状态受到不利影响；劳动者健康、企业财产、人民生命安全受到不利影响；人类生活和生产活动相关的环境受到不利影响</remark><belongDicType>15bc67be-ff01-4ad2-8093-89659b09ed62</belongDicType><isDel>0</isDel></Risk><Risk><id>cd130d8d-d257-4108-8fb6-e9d08242196f</id><title>主并企业</title><kpi></kpi><remark>参与投资并购的主并方，包括公司、企业、工厂等</remark><belongDicType>0e10459f-324d-4659-a430-9adf13d89343</belongDicType><isDel>0</isDel></Risk><Risk><id>cd7258d5-9d0e-4e42-86f2-a04ca3e79679</id><title>用好企业主管人员</title><kpi></kpi><remark></remark><belongDicType>e23f5ac8-0e23-4532-b5c9-88cd6d6252c8</belongDicType><isDel>0</isDel></Risk><Risk><id>ce255f94-7ae2-4c96-87f2-128be5b2908e</id><title>业务规模</title><kpi></kpi><remark>企业经营规模</remark><belongDicType>14c9c1c4-f209-4288-83a6-dcf58fd42839</belongDicType><isDel>0</isDel></Risk><Risk><id>cf2cedce-1535-4d7e-9324-14434a1edeec</id><title>sd</title><kpi></kpi><remark>sdf</remark><belongDicType>302ee234-4d03-4252-a565-4382dd0781c2</belongDicType><isDel>0</isDel></Risk><Risk><id>cf82a9cd-804e-42bc-a962-eda30fbc982c</id><title>并购整合</title><kpi></kpi><remark>并购后的资源、技术、管理和文化整合</remark><belongDicType>14c9c1c4-f209-4288-83a6-dcf58fd42839</belongDicType><isDel>0</isDel></Risk><Risk><id>cfa4e856-c3f3-4060-93d0-d4936df7baf0</id><title>工会组织</title><kpi></kpi><remark>企业及行业工会组织</remark><belongDicType>0e10459f-324d-4659-a430-9adf13d89343</belongDicType><isDel>0</isDel></Risk><Risk><id>cff4e525-8dd1-4c53-bfb2-5b86af1bfab8</id><title>继续完善投资管理制度和流程</title><kpi></kpi><remark></remark><belongDicType>51594ef1-0ed4-42c0-b38b-59b63d5805fd</belongDicType><isDel>0</isDel></Risk><Risk><id>d098d3cb-b31e-4b87-b50f-4ef7ced5d99e</id><title>借助外部中介机构，加强风险排查</title><kpi></kpi><remark>聘请中介机构参与风险排查</remark><belongDicType>e23f5ac8-0e23-4532-b5c9-88cd6d6252c8</belongDicType><isDel>0</isDel></Risk><Risk><id>d33b5ae3-78df-4b9d-ad7f-f9d4d5e86009</id><title>企业目标</title><kpi></kpi><remark>包括财务、费用、运营、进度、质量、HSE、可持续发展等</remark><belongDicType>4dbc51e3-889b-4b9b-9af2-66a5d0a9c509</belongDicType><isDel>0</isDel></Risk><Risk><id>d3e75ed2-1066-43b5-b86a-a28abadb7f69</id><title>加强人才培养培训，锻炼人才队伍及实战经验</title><kpi></kpi><remark>坚持中长期人才发展规划和教育培训规划观念</remark><belongDicType>e23f5ac8-0e23-4532-b5c9-88cd6d6252c8</belongDicType><isDel>0</isDel></Risk><Risk><id>d420fcf6-d983-4fc0-ba25-5a7fda970af7</id><title>收益</title><kpi></kpi><remark>指各类活动的收益</remark><belongDicType>69fe61c2-46de-45ec-b087-f636b1a9c624</belongDicType><isDel>0</isDel></Risk><Risk><id>d4cf77a0-6321-4d6f-a6b2-5077092cd100</id><title>低于预期</title><kpi></kpi><remark>数量、储量或者产量等明显低于预期</remark><belongDicType>9207e3c7-d259-4014-82c7-290deea8b0c0</belongDicType><isDel>0</isDel></Risk><Risk><id>d5153a41-57a5-4080-9015-ab1a5ccc4348</id><title>出现管理瘫痪现象</title><kpi></kpi><remark>指管理效率低下</remark><belongDicType>3215ef94-f453-49ae-b4ac-4198cb9f3954</belongDicType><isDel>0</isDel></Risk><Risk><id>d52d2aa5-6c70-4fd6-ae10-72be74fda99e</id><title>投资已探明的油井、矿山，参与其扩建或在其周边探矿</title><kpi></kpi><remark></remark><belongDicType>e23f5ac8-0e23-4532-b5c9-88cd6d6252c8</belongDicType><isDel>0</isDel></Risk><Risk><id>d591f358-3432-4c36-9579-b972d7ac65f8</id><title>制定并完善现场服务标准化作业程序</title><kpi></kpi><remark></remark><belongDicType>2a592b4f-f596-40c8-a07d-200ca8bb6913</belongDicType><isDel>0</isDel></Risk><Risk><id>d676f370-9a70-4bc8-b914-cf5797f2eb6e</id><title>管理制度</title><kpi></kpi><remark>各项企业管理相关制度</remark><belongDicType>0e10459f-324d-4659-a430-9adf13d89343</belongDicType><isDel>0</isDel></Risk><Risk><id>d736d1e3-46df-4c4b-8c84-4545c10b1c7e</id><title>加强培训与宣传，积极培育安健环专业人才</title><kpi></kpi><remark></remark><belongDicType>51594ef1-0ed4-42c0-b38b-59b63d5805fd</belongDicType><isDel>0</isDel></Risk><Risk><id>d746e48d-e6e2-48b4-8c12-a18df660cb31</id><title>sdf</title><kpi></kpi><remark>sdf</remark><belongDicType>024a6b26-4a57-4db4-9ee9-1656cd387d27</belongDicType><isDel>0</isDel></Risk><Risk><id>d83f66dc-19db-4bbc-a174-91c9b63b792e</id><title>企业运营</title><kpi></kpi><remark>指企业生产经营各类活动</remark><belongDicType>0e10459f-324d-4659-a430-9adf13d89343</belongDicType><isDel>0</isDel></Risk><Risk><id>da1f1219-b84e-4a5c-8079-b1e88b38ce4b</id><title>企业资产</title><kpi></kpi><remark>是指企业过去的交易或事项形成的，由企业拥有或控制的，预期会给企业带来经济利益的资源</remark><belongDicType>0e10459f-324d-4659-a430-9adf13d89343</belongDicType><isDel>0</isDel></Risk><Risk><id>daf87282-14a3-49fb-8bfd-5b8361ab5c2c</id><title>认真开展计划预审核工作</title><kpi></kpi><remark></remark><belongDicType>3c7a463d-21c0-44f6-8ca3-95b677d8c1ba</belongDicType><isDel>0</isDel></Risk><Risk><id>db053bab-cbc6-4ba8-8bd0-fa8337b6436e</id><title>建立有效的激励机制</title><kpi></kpi><remark></remark><belongDicType>e23f5ac8-0e23-4532-b5c9-88cd6d6252c8</belongDicType><isDel>0</isDel></Risk><Risk><id>dc102d9b-949e-4029-a35e-7aaa24903a3d</id><title>当桩体砼强度达不到条件要求时进行补桩</title><kpi></kpi><remark></remark><belongDicType>3c7a463d-21c0-44f6-8ca3-95b677d8c1ba</belongDicType><isDel>0</isDel></Risk><Risk><id>dd1847da-9287-48f8-89f3-4add2bfe43b7</id><title>朝有利方向波动</title><kpi></kpi><remark>指汇率、利率、价格等朝有利方向波动</remark><belongDicType>3be32f5d-b34f-4dd6-8c68-86870d2850d4</belongDicType><isDel>0</isDel></Risk><Risk><id>dd96c80d-18c8-4ce9-b27c-5c25cb15522f</id><title>朝不利方向变化</title><kpi></kpi><remark>朝不利方向变化，对企业所处行业环境、产业结构、市场行情、筹融资活动以及并购整合计划等造成不利影响</remark><belongDicType>250602e5-a571-418b-b5de-76c61c026739</belongDicType><isDel>0</isDel></Risk><Risk><id>dde245aa-214c-41e5-8637-bc5b097cd570</id><title>市场接受度降低</title><kpi></kpi><remark>市场对企业产品、服务或品牌的市场接受度降低</remark><belongDicType>210afd31-26f4-4ae3-aeaf-9989e5a2442e</belongDicType><isDel>0</isDel></Risk><Risk><id>de9923a3-e2db-4146-9296-c515063d907f</id><title>非法解除或违反相关协议</title><kpi></kpi><remark>非法解除与相关协议，或者违反或不履行签订的合同项下的义务</remark><belongDicType>210afd31-26f4-4ae3-aeaf-9989e5a2442e</belongDicType><isDel>0</isDel></Risk><Risk><id>df390708-18ce-477a-a26b-5ab46af5d0b2</id><title>投资项目管理</title><kpi></kpi><remark>投资项目管理制度、程序和过程</remark><belongDicType>14c9c1c4-f209-4288-83a6-dcf58fd42839</belongDicType><isDel>0</isDel></Risk><Risk><id>df73c69a-5904-4013-ab4c-7919d9e72267</id><title>项目管理</title><kpi></kpi><remark>项目的设计、计划、实施等全过程的管理</remark><belongDicType>14c9c1c4-f209-4288-83a6-dcf58fd42839</belongDicType><isDel>0</isDel></Risk><Risk><id>e2286440-e889-4aab-893c-2ebcd27b1330</id><title>恐怖组织及犯罪团体</title><kpi></kpi><remark>从事恐怖行为的组织或犯罪团体</remark><belongDicType>0e10459f-324d-4659-a430-9adf13d89343</belongDicType><isDel>0</isDel></Risk><Risk><id>e65867ab-cc33-44a7-84b1-fddee01698c3</id><title>使用按比例配置耐腐蚀材料，并进行耐腐蚀性测试</title><kpi></kpi><remark></remark><belongDicType>3c7a463d-21c0-44f6-8ca3-95b677d8c1ba</belongDicType><isDel>0</isDel></Risk><Risk><id>e66a1128-407d-49c4-a3f8-80856dbe0ab1</id><title>择优选择融资方式，进行多渠道多方式融资</title><kpi></kpi><remark>例如抵押贷款融资、票据贴现融资、拆借融资、授信额度等</remark><belongDicType>e23f5ac8-0e23-4532-b5c9-88cd6d6252c8</belongDicType><isDel>0</isDel></Risk><Risk><id>e74e72f2-1388-4384-9424-1add75f6279d</id><title>政府及监管部门</title><kpi></kpi><remark>企业或项目所在地政府及相关监管部门</remark><belongDicType>69fe61c2-46de-45ec-b087-f636b1a9c624</belongDicType><isDel>0</isDel></Risk><Risk><id>e7573929-660b-404c-a1c7-b3dd7eec7810</id><title>修订完善人力资源管理制度</title><kpi></kpi><remark></remark><belongDicType>51594ef1-0ed4-42c0-b38b-59b63d5805fd</belongDicType><isDel>0</isDel></Risk><Risk><id>e786fe0a-a02e-40e4-a98a-cb2c8c237d4f</id><title>做好应急预案</title><kpi></kpi><remark>制定应急预案，减少面对风险的系统脆弱性</remark><belongDicType>e23f5ac8-0e23-4532-b5c9-88cd6d6252c8</belongDicType><isDel>0</isDel></Risk><Risk><id>e86ead64-f645-4084-871b-cbd28b1247af</id><title>实行合同签订轮审制度，全面评估和分析合同条款</title><kpi></kpi><remark></remark><belongDicType>2a592b4f-f596-40c8-a07d-200ca8bb6913</belongDicType><isDel>0</isDel></Risk><Risk><id>e8f2cd53-3d6a-4de8-9e82-169869482a57</id><title>较频繁改变政策和法律法规</title><kpi></kpi><remark>所在地政府或监管机构改变政策和法律法规的次数较为频繁</remark><belongDicType>3be32f5d-b34f-4dd6-8c68-86870d2850d4</belongDicType><isDel>0</isDel></Risk><Risk><id>e942d063-6ce2-456a-8a24-48dbfd60def5</id><title>征收或征用企业资产</title><kpi></kpi><remark>直接征收资产，或者制定措施阻碍有效控制、使用和处置资产</remark><belongDicType>210afd31-26f4-4ae3-aeaf-9989e5a2442e</belongDicType><isDel>0</isDel></Risk><Risk><id>ea43aaae-cfdf-407b-8ad9-d60e6f356144</id><title>出现人员流失</title><kpi></kpi><remark>指各类员工离职现象</remark><belongDicType>3215ef94-f453-49ae-b4ac-4198cb9f3954</belongDicType><isDel>0</isDel></Risk><Risk><id>eac635cd-611d-42c1-a019-9452f80472fe</id><title>开发</title><kpi></kpi><remark>开发描述</remark><belongDicType>b4cb42fe-d145-47bb-9f71-46e423df267b</belongDicType><isDel>0</isDel></Risk><Risk><id>edb03801-c05c-49f6-9f4f-a4534795b00d</id><title>对拟设立的公司进行充分的法律设计</title><kpi></kpi><remark></remark><belongDicType>2a592b4f-f596-40c8-a07d-200ca8bb6913</belongDicType><isDel>0</isDel></Risk><Risk><id>ee7ebf5f-484c-45ef-837e-e5c0042ebe08</id><title>品牌</title><kpi></kpi><remark>包括企业品牌、产品品牌、商标品牌等</remark><belongDicType>0e10459f-324d-4659-a430-9adf13d89343</belongDicType><isDel>0</isDel></Risk><Risk><id>ef048a70-5a56-4496-a865-71529a774df4</id><title>常用预警</title><kpi></kpi><remark>常用预警常用预警</remark><belongDicType>af6e07c0-c3d6-4efd-8fc8-aa6a81d4bbe6</belongDicType><isDel>0</isDel></Risk><Risk><id>ef7605c5-2ea4-4e62-8806-ab47402ce7db</id><title>培养国际化人才，提升海外经营管理能力</title><kpi></kpi><remark></remark><belongDicType>51594ef1-0ed4-42c0-b38b-59b63d5805fd</belongDicType><isDel>0</isDel></Risk><Risk><id>efd59068-5bb8-4c71-ae04-439fec8db1e2</id><title>设备租赁</title><kpi></kpi><remark>租赁施工设备</remark><belongDicType>2b8c2391-f5db-4bdc-a6dc-40e1d0787830</belongDicType><isDel>0</isDel></Risk><Risk><id>f03d45c1-bdb2-4c2e-b8d4-b13594ad8149</id><title>进行恐怖袭击、绑架或抢劫等活动</title><kpi></kpi><remark>企业或项目所在地发生的恐怖袭击、绑架或抢劫等活动</remark><belongDicType>210afd31-26f4-4ae3-aeaf-9989e5a2442e</belongDicType><isDel>0</isDel></Risk><Risk><id>f176d057-ccd7-411d-8480-b65c427b5678</id><title>规范决策程序</title><kpi></kpi><remark>在关键环节召开董事局会议和党政联席会</remark><belongDicType>e23f5ac8-0e23-4532-b5c9-88cd6d6252c8</belongDicType><isDel>0</isDel></Risk><Risk><id>f377f113-a1f2-4be8-b0f1-5f6c5f55c7ee</id><title>积极参与当地政府举办的各种政策和法律培训、会议</title><kpi></kpi><remark></remark><belongDicType>2a592b4f-f596-40c8-a07d-200ca8bb6913</belongDicType><isDel>0</isDel></Risk><Risk><id>f42b99b0-cec7-4601-91eb-66bd8e877aa1</id><title>健康安全环保</title><kpi></kpi><remark>企业的安全生产、员工健康和环境保护</remark><belongDicType>14c9c1c4-f209-4288-83a6-dcf58fd42839</belongDicType><isDel>0</isDel></Risk><Risk><id>f4f531f5-a2cd-4112-9efa-5f21c45a0c24</id><title>战争或内乱</title><kpi></kpi><remark>所在地发生的战争或内乱</remark><belongDicType>0e10459f-324d-4659-a430-9adf13d89343</belongDicType><isDel>0</isDel></Risk><Risk><id>f50f91b8-d1e2-4594-83d3-97565ab59545</id><title>排除</title><kpi></kpi><remark>排除描述文字</remark><belongDicType>18389378-f914-4ed9-965d-ec9a3539ddef</belongDicType><isDel>0</isDel></Risk><Risk><id>f6567686-8e92-4ce9-a259-b6a58f4d4c8d</id><title>保险公司</title><kpi></kpi><remark>各类保险公司</remark><belongDicType>69fe61c2-46de-45ec-b087-f636b1a9c624</belongDicType><isDel>0</isDel></Risk><Risk><id>f6ef5829-9983-4ffb-9ea9-84d43e9b0866</id><title>因素-豆豆</title><kpi></kpi><remark>是的</remark><belongDicType>51359041-57d4-41b0-a5d7-983d31fb3e02</belongDicType><isDel>0</isDel></Risk><Risk><id>f6fe8aff-3ffa-429d-bc3b-354f5f0bdb46</id><title>所在地监管机构</title><kpi></kpi><remark>企业或项目所在地相关监管机构</remark><belongDicType>0e10459f-324d-4659-a430-9adf13d89343</belongDicType><isDel>0</isDel></Risk><Risk><id>f71c948a-beb0-4763-a1b6-64fe31122dbe</id><title>与业主建立定期事项沟通机制</title><kpi></kpi><remark></remark><belongDicType>3c7a463d-21c0-44f6-8ca3-95b677d8c1ba</belongDicType><isDel>0</isDel></Risk><Risk><id>f8cb1d57-d449-42df-9209-78a9810f5d00</id><title>引起滑坡、地面沉降等不利现象</title><kpi></kpi><remark>在一定条件下，地下水的变化也会引起沼泽化、盐渍化、滑坡、地面沉降等不利自然现象</remark><belongDicType>7269d894-3d1c-4a74-a96f-46bc0391c784</belongDicType><isDel>0</isDel></Risk><Risk><id>f8e6e73e-a55e-4e52-8f66-5828b933cac5</id><title>与国际知名中介机构建立业务关系，及时了解最新变化动向</title><kpi></kpi><remark></remark><belongDicType>2a592b4f-f596-40c8-a07d-200ca8bb6913</belongDicType><isDel>0</isDel></Risk><Risk><id>f92a2586-c38f-471c-a6f6-2eadb00f0ea0</id><title>气候因素</title><kpi></kpi><remark>气候异常发生未知</remark><belongDicType>51359041-57d4-41b0-a5d7-983d31fb3e02</belongDicType><isDel>0</isDel></Risk><Risk><id>f98d5026-fa18-41d6-98fc-8d695cd9944e</id><title>自然环境</title><kpi></kpi><remark>企业或项目所在地自然环境或条件</remark><belongDicType>0e10459f-324d-4659-a430-9adf13d89343</belongDicType><isDel>0</isDel></Risk><Risk><id>fbad3683-a174-4e36-89cc-7adab3b9bbe9</id><title>加强招投标程序管理，规避合同和商务风险</title><kpi></kpi><remark></remark><belongDicType>2a592b4f-f596-40c8-a07d-200ca8bb6913</belongDicType><isDel>0</isDel></Risk><Risk><id>fcd69889-f597-4b9b-9032-3e9f8f7c9716</id><title>企业价值</title><kpi></kpi><remark>对企业或项目的估计价值</remark><belongDicType>0e10459f-324d-4659-a430-9adf13d89343</belongDicType><isDel>0</isDel></Risk><Risk><id>fda8d6b5-f314-44a8-911c-6c5b14da9b55</id><title>人才竞争</title><kpi></kpi><remark>行业人才尤其是核心技术人才的市场竞争较为激烈</remark><belongDicType>14c9c1c4-f209-4288-83a6-dcf58fd42839</belongDicType><isDel>0</isDel></Risk><Risk><id>fef1d420-244d-4458-a665-9db17fc6d7b5</id><title>建立固定资产登记制度和流动资产监控机制</title><kpi></kpi><remark></remark><belongDicType>2a592b4f-f596-40c8-a07d-200ca8bb6913</belongDicType><isDel>0</isDel></Risk><Risk><id>ff08c016-93f8-4be0-88c4-c91123d45f89</id><title>远离高风险地区和地域</title><kpi></kpi><remark></remark><belongDicType>e23f5ac8-0e23-4532-b5c9-88cd6d6252c8</belongDicType><isDel>0</isDel></Risk></UltraData>