﻿<?xml version="1.0" encoding="UTF-8"?><UltraData><Risk><id>00c3d11a-51eb-4d92-8a32-84fcdaa0b207</id><fatherId>0</fatherId><title>全面风险管理</title><typeStr>问题</typeStr><isDel>0</isDel></Risk><Risk><id>0e10459f-324d-4659-a430-9adf13d89343</id><fatherId>0</fatherId><title>投资</title><typeStr>风险因素</typeStr><isDel>0</isDel></Risk><Risk><id>14c9c1c4-f209-4288-83a6-dcf58fd42839</id><fatherId>0</fatherId><title>全面风险管理</title><typeStr>风险因素</typeStr><isDel>0</isDel></Risk><Risk><id>15bc67be-ff01-4ad2-8093-89659b09ed62</id><fatherId>0</fatherId><title>全面风险管理</title><typeStr>风险结果</typeStr><isDel>0</isDel></Risk><Risk><id>180596f0-a8bf-43b7-b091-f1546cc9bd74</id><fatherId>d1ecbdf9-7892-42ff-8776-8fbebe90766e</fatherId><title>人力资源风险</title><typeStr>风险</typeStr><isDel>0</isDel></Risk><Risk><id>1be9208f-857e-4a7f-8520-893180ee0345</id><fatherId>0</fatherId><title>目标</title><typeStr>资源图标</typeStr><isDel>0</isDel></Risk><Risk><id>210afd31-26f4-4ae3-aeaf-9989e5a2442e</id><fatherId>0</fatherId><title>投资</title><typeStr>风险事件</typeStr><isDel>0</isDel></Risk><Risk><id>250602e5-a571-418b-b5de-76c61c026739</id><fatherId>0</fatherId><title>全面风险管理</title><typeStr>风险事件</typeStr><isDel>0</isDel></Risk><Risk><id>2a592b4f-f596-40c8-a07d-200ca8bb6913</id><fatherId>0</fatherId><title>企业经营</title><typeStr>管理措施</typeStr><isDel>0</isDel></Risk><Risk><id>2b8c2391-f5db-4bdc-a6dc-40e1d0787830</id><fatherId>0</fatherId><title>练习</title><typeStr>风险因素</typeStr><isDel>0</isDel></Risk><Risk><id>2ba29ddd-83f8-4026-b0da-338034be90f2</id><fatherId>0</fatherId><title>投资</title><typeStr>目标</typeStr><isDel>0</isDel></Risk><Risk><id>3215ef94-f453-49ae-b4ac-4198cb9f3954</id><fatherId>0</fatherId><title>投资</title><typeStr>风险结果</typeStr><isDel>0</isDel></Risk><Risk><id>3468c7e2-274a-40b7-869d-1bbcd86b4338</id><fatherId>024a6b26-4a57-4db4-9ee9-1656cd387d27</fatherId><title>问题12</title><typeStr>问题</typeStr><isDel>0</isDel></Risk><Risk><id>3badd824-72a5-468d-ae50-098df2ff2ca0</id><fatherId>0</fatherId><title>国际化经营风险</title><typeStr>风险</typeStr><isDel>0</isDel></Risk><Risk><id>3be32f5d-b34f-4dd6-8c68-86870d2850d4</id><fatherId>0</fatherId><title>企业经营</title><typeStr>风险事件</typeStr><isDel>0</isDel></Risk><Risk><id>3c7a463d-21c0-44f6-8ca3-95b677d8c1ba</id><fatherId>0</fatherId><title>练习</title><typeStr>管理措施</typeStr><isDel>0</isDel></Risk><Risk><id>40105f77-a9f0-457e-a1ce-8997d8403ca9</id><fatherId>0</fatherId><title>人力资源风险</title><typeStr>风险</typeStr><isDel>0</isDel></Risk><Risk><id>4967d179-a7c8-4845-b547-48d3b3e34992</id><fatherId>d1ecbdf9-7892-42ff-8776-8fbebe90766e</fatherId><title>环境保护风险</title><typeStr>风险</typeStr><isDel>0</isDel></Risk><Risk><id>4c6c9e1a-00d7-4937-b06b-3fed994e27b6</id><fatherId>0</fatherId><title>战略决策风险</title><typeStr>风险</typeStr><isDel>0</isDel></Risk><Risk><id>4dbc51e3-889b-4b9b-9af2-66a5d0a9c509</id><fatherId>0</fatherId><title>企业经营</title><typeStr>目标</typeStr><isDel>0</isDel></Risk><Risk><id>51594ef1-0ed4-42c0-b38b-59b63d5805fd</id><fatherId>0</fatherId><title>全面风险管理</title><typeStr>管理措施</typeStr><isDel>0</isDel></Risk><Risk><id>5a5e31c7-8e77-4459-a1a5-b2f1766e899c</id><fatherId>0</fatherId><title>健康安全环保风险</title><typeStr>风险</typeStr><isDel>0</isDel></Risk><Risk><id>5b562822-cd1a-42d3-b015-39c5b61488d3</id><fatherId>0</fatherId><title>政治政策风险</title><typeStr>风险</typeStr><isDel>0</isDel></Risk><Risk><id>666cd216-a1f9-4957-b491-2e4e2b1c09e9</id><fatherId>d1ecbdf9-7892-42ff-8776-8fbebe90766e</fatherId><title>利率汇率风险</title><typeStr>风险</typeStr><isDel>0</isDel></Risk><Risk><id>69fe61c2-46de-45ec-b087-f636b1a9c624</id><fatherId>0</fatherId><title>企业经营</title><typeStr>风险因素</typeStr><isDel>0</isDel></Risk><Risk><id>7269d894-3d1c-4a74-a96f-46bc0391c784</id><fatherId>0</fatherId><title>练习</title><typeStr>风险事件</typeStr><isDel>0</isDel></Risk><Risk><id>7f8e8154-c731-4767-8c31-430fb1fc7201</id><fatherId>d1ecbdf9-7892-42ff-8776-8fbebe90766e</fatherId><title>人力资源风险</title><typeStr>风险</typeStr><isDel>0</isDel></Risk><Risk><id>83a0a01a-5ddb-4b47-a170-6bedcda6a011</id><fatherId>0</fatherId><title>管控12</title><typeStr>管控</typeStr><isDel>0</isDel></Risk><Risk><id>846b43b7-7a61-46d4-a517-66cd02a53638</id><fatherId>0</fatherId><title>企业经营</title><typeStr>问题</typeStr><isDel>0</isDel></Risk><Risk><id>850daea7-401f-48e7-b260-1e28f23d1f01</id><fatherId>0</fatherId><title>练习</title><typeStr>风险结果</typeStr><isDel>0</isDel></Risk><Risk><id>89afeefe-6a86-4e0a-9bdc-707aa443991e</id><fatherId>0</fatherId><title>全面风险管理</title><typeStr>目标</typeStr><isDel>0</isDel></Risk><Risk><id>8ed48165-6e9e-4c8d-a480-44e6c3e94836</id><fatherId>d1ecbdf9-7892-42ff-8776-8fbebe90766e</fatherId><title>自然灾害风险</title><typeStr>风险</typeStr><isDel>0</isDel></Risk><Risk><id>9b6560fe-3ae2-4452-934e-5f63b8a8678a</id><fatherId>0</fatherId><title>练习</title><typeStr>预警</typeStr><isDel>0</isDel></Risk><Risk><id>9ba1e9ed-0f70-4aeb-9c2c-8c18fa19b158</id><fatherId>0</fatherId><title>练习</title><typeStr>目标</typeStr><isDel>0</isDel></Risk><Risk><id>9bd198f9-a0a8-4b7e-81f4-dc90ce38806b</id><fatherId>0</fatherId><title>投资</title><typeStr>问题</typeStr><isDel>0</isDel></Risk><Risk><id>9e4c1569-d6f0-4c9e-881f-ca665bf7286f</id><fatherId>0</fatherId><title>练习</title><typeStr>问题</typeStr><isDel>0</isDel></Risk><Risk><id>a1baba3e-d2ad-4c37-ad04-52fa53de1e0f</id><fatherId>0</fatherId><title>经营管理风险</title><typeStr>风险</typeStr><isDel>0</isDel></Risk><Risk><id>a7730f10-e232-4a67-8bde-146bde9b32c5</id><fatherId>0</fatherId><title>项目管理风险</title><typeStr>风险</typeStr><isDel>0</isDel></Risk><Risk><id>b986fea8-9893-496b-beda-569fb47fafa4</id><fatherId>0</fatherId><title>企业经营</title><typeStr>风险结果</typeStr><isDel>0</isDel></Risk><Risk><id>bcebb8cc-303c-44f1-b581-27b2f97bcda2</id><fatherId>51359041-57d4-41b0-a5d7-983d31fb3e02</fatherId><title>因素11</title><typeStr>风险因素</typeStr><isDel>0</isDel></Risk><Risk><id>bd2270a0-dd93-4eed-bbf9-9154640b5de2</id><fatherId>0</fatherId><title>书桌</title><typeStr>资源图标</typeStr><isDel>0</isDel></Risk><Risk><id>cb6ff6dd-0c0f-4e4e-9a0a-ce7e1150a397</id><fatherId>0</fatherId><title>利率汇率风险</title><typeStr>风险</typeStr><isDel>0</isDel></Risk><Risk><id>cc129866-94e7-47a0-8dd0-f2322a57bd2b</id><fatherId>dbc33c3a-7944-4844-9863-ef16969c1b05</fatherId><title>结果121</title><typeStr>风险结果</typeStr><isDel>0</isDel></Risk><Risk><id>ce204821-365e-4c6d-8b7d-5d43fb3f9e32</id><fatherId>d1ecbdf9-7892-42ff-8776-8fbebe90766e</fatherId><title>政治政策风险</title><typeStr>风险</typeStr><isDel>0</isDel></Risk><Risk><id>cf69f929-b891-4bee-982a-c947495e46ba</id><fatherId>d1ecbdf9-7892-42ff-8776-8fbebe90766e</fatherId><title>经营管理风险</title><typeStr>风险</typeStr><isDel>0</isDel></Risk><Risk><id>d70dab25-d77c-43e2-b1aa-79b85228635b</id><fatherId>0</fatherId><title>全面风险管理</title><typeStr>预警</typeStr><isDel>0</isDel></Risk><Risk><id>da00f4ee-daed-494c-baf4-dcc784f6f9bb</id><fatherId>0</fatherId><title>投资</title><typeStr>预警</typeStr><isDel>0</isDel></Risk><Risk><id>dcfd3b82-f165-4666-be4c-57593227fd26</id><fatherId>0</fatherId><title>自然灾害风险</title><typeStr>风险</typeStr><isDel>0</isDel></Risk><Risk><id>dd3fe952-e4e6-4f11-a099-bb09d9a63e74</id><fatherId>d1ecbdf9-7892-42ff-8776-8fbebe90766e</fatherId><title>战略决策风险</title><typeStr>风险</typeStr><isDel>0</isDel></Risk><Risk><id>e23f5ac8-0e23-4532-b5c9-88cd6d6252c8</id><fatherId>0</fatherId><title>投资</title><typeStr>管理措施</typeStr><isDel>0</isDel></Risk><Risk><id>e5756183-47ab-4de3-8ed2-212a6f5eac9e</id><fatherId>0</fatherId><title>投资风险</title><typeStr>风险</typeStr><isDel>0</isDel></Risk><Risk><id>eac9ce60-395b-4d72-bcee-a7d647d29e7b</id><fatherId>0</fatherId><title>企业经营</title><typeStr>预警</typeStr><isDel>0</isDel></Risk><Risk><id>f27460a5-2b4f-421a-a9b1-56ee5a4b7c77</id><fatherId>0</fatherId><title>人头</title><typeStr>资源图标</typeStr><isDel>0</isDel></Risk><Risk><id>f4a99b35-42b0-4b6d-aeb2-1e6be9dca74d</id><fatherId>83a0a01a-5ddb-4b47-a170-6bedcda6a011</fatherId><title>管控121</title><typeStr>管控</typeStr><isDel>0</isDel></Risk></UltraData>