﻿<?xml version="1.0" encoding="UTF-8"?><UltraData><Risk><id>05d778e7-53f3-487b-92a3-cb2c0be41e93</id><title>影响</title><remark>威胁发生时带来的影响</remark><theType>威胁</theType><projectId>710a167f-a2ed-4f26-a9e1-30d540c18276</projectId></Risk><Risk><id>91270970-76d1-4826-a3d1-ba6d13115270</id><title>概率</title><remark>威胁发生的可能性</remark><theType>威胁</theType><projectId>710a167f-a2ed-4f26-a9e1-30d540c18276</projectId></Risk><Risk><id>c1a778b0-8176-42b9-9ed8-7c942f2af8e1</id><title>影响</title><remark>机会发生时带来的影响</remark><theType>机会</theType><projectId>710a167f-a2ed-4f26-a9e1-30d540c18276</projectId></Risk><Risk><id>dea01836-7797-430b-a1ab-3dd20fde3533</id><title>概率</title><remark>机会发生的可能性</remark><theType>机会</theType><projectId>710a167f-a2ed-4f26-a9e1-30d540c18276</projectId></Risk></UltraData>