﻿<?xml version="1.0" encoding="UTF-8"?><UltraData><Risk><id>710a167f-a2ed-4f26-a9e1-30d540c18276</id><fatherId>f15a5727-eed3-4f9a-bf36-b2408ebc6cd5</fatherId><belong_department>12709651-d126-4bc0-984f-ca4adaecc007</belong_department><title>亚太公司企业经营风险管理地图</title><isUpload>0</isUpload><AddDate>2013-07-14T14:12:09</AddDate><isComplete>1</isComplete><show_card>1</show_card><show_hot>1</show_hot><show_sort>1</show_sort><show_chengben>1</show_chengben><show_static>1</show_static><show_after>0</show_after><projectid>710a167f-a2ed-4f26-a9e1-30d540c18276</projectid></Risk></UltraData>