﻿<?xml version="1.0" encoding="UTF-8"?><UltraData><Risk><id>04f498ad-481d-4eb0-825a-95b2d8b0ccce</id><fatherid>c1a778b0-8176-42b9-9ed8-7c942f2af8e1</fatherid><levelTitle>高</levelTitle><score>0.5-0.75</score><remarkTitle>财务|运营|成本|进度|范围|质量|可持续发展</remarkTitle><remarkContent>影响税前利润10-20%|主要预算指标偏离30-50%|10-20%的降低|10-20%的提前|客户对范围变化接受程度良好|客户对质量满意|对公司未来的战略部署和持续发展壮大产生较大的有利影响，对公司的持续发展提供很大的机会</remarkContent><theType>机会</theType><projectId>710a167f-a2ed-4f26-a9e1-30d540c18276</projectId><sort>4</sort></Risk><Risk><id>10f297e8-c921-41cb-9ce5-a53c29320720</id><fatherid>91270970-76d1-4826-a3d1-ba6d13115270</fatherid><levelTitle>一般</levelTitle><score>0.1-0.2</score><remarkTitle>描述</remarkTitle><remarkContent>评估期内发生的可能性介于10%与20%之间</remarkContent><theType>威胁</theType><projectId>710a167f-a2ed-4f26-a9e1-30d540c18276</projectId><sort>3</sort></Risk><Risk><id>17050f80-d2d7-4bda-9b8c-4d470b146fbe</id><fatherid>05d778e7-53f3-487b-92a3-cb2c0be41e93</fatherid><levelTitle>很低</levelTitle><score>0-0.1</score><remarkTitle>财务|运营|成本|进度|范围|质量|HSE|可持续发展</remarkTitle><remarkContent>影响税前利润低于1%|主要预算指标偏离不超过10%|略有提高|略有滞后|范围略有变化|质量略有下降|短暂影响人员健康；对环境或社会造成短暂影响；可不采取行动|对公司未来的战略部署和持续发展壮大产生微小或者可以忽略的影响，能够完全保持现有发展能力</remarkContent><theType>威胁</theType><projectId>710a167f-a2ed-4f26-a9e1-30d540c18276</projectId><sort>1</sort></Risk><Risk><id>29b1a842-f958-4030-81ce-ed079acdb754</id><fatherid>dea01836-7797-430b-a1ab-3dd20fde3533</fatherid><levelTitle>很低</levelTitle><score>0-0.05</score><remarkTitle>描述</remarkTitle><remarkContent>评估期内发生的可能性小于5%</remarkContent><theType>机会</theType><projectId>710a167f-a2ed-4f26-a9e1-30d540c18276</projectId><sort>1</sort></Risk><Risk><id>2cc7a666-a965-42a1-99b2-61f81f9b5327</id><fatherid>91270970-76d1-4826-a3d1-ba6d13115270</fatherid><levelTitle>低</levelTitle><score>0.05-0.1</score><remarkTitle>描述</remarkTitle><remarkContent>评估期内发生的可能性介5%与10%之间</remarkContent><theType>威胁</theType><projectId>710a167f-a2ed-4f26-a9e1-30d540c18276</projectId><sort>2</sort></Risk><Risk><id>2fcb4b8a-13ec-43eb-a062-7047b14beb00</id><fatherid>dea01836-7797-430b-a1ab-3dd20fde3533</fatherid><levelTitle>一般</levelTitle><score>0.1-0.2</score><remarkTitle>描述</remarkTitle><remarkContent>评估期内发生的可能性介于10%与20%之间</remarkContent><theType>机会</theType><projectId>710a167f-a2ed-4f26-a9e1-30d540c18276</projectId><sort>3</sort></Risk><Risk><id>49adaaa2-7885-4c69-8ca7-fd9e4da9ecad</id><fatherid>05d778e7-53f3-487b-92a3-cb2c0be41e93</fatherid><levelTitle>高</levelTitle><score>0.5-0.75</score><remarkTitle>财务|运营|成本|进度|范围|质量|HSE|可持续发展</remarkTitle><remarkContent>影响税前利润10-20%|主要预算指标偏离30-50%|10-20%的增长|10-20%的滞后|客户不接受范围变化|客户不接受质量下降|造成1人死亡；对环境或社会造成重大损害，需要相当长的时间来恢复；有大规模的公众投诉；需执行重大的补救措施|对公司未来的战略部署和持续发展壮大产生严重的影响，对公司的持续生存提出巨大的挑战</remarkContent><theType>威胁</theType><projectId>710a167f-a2ed-4f26-a9e1-30d540c18276</projectId><sort>4</sort></Risk><Risk><id>60ee525d-b607-46da-81dc-47add776ca60</id><fatherid>91270970-76d1-4826-a3d1-ba6d13115270</fatherid><levelTitle>很低</levelTitle><score>0-0.05</score><remarkTitle>描述</remarkTitle><remarkContent>评估期内发生的可能性小于5%</remarkContent><theType>威胁</theType><projectId>710a167f-a2ed-4f26-a9e1-30d540c18276</projectId><sort>1</sort></Risk><Risk><id>8a7857d8-316f-43ad-8b51-849d01b13eea</id><fatherid>c1a778b0-8176-42b9-9ed8-7c942f2af8e1</fatherid><levelTitle>低</levelTitle><score>0.1-0.25</score><remarkTitle>财务|运营|成本|进度|范围|质量|可持续发展</remarkTitle><remarkContent>影响税前利润1-5%|主要预算指标偏离10-20%|&lt;5%的降低|&lt;5%的提前|范围次要部分得到改善|部分应用得到提升|对公司未来的战略部署和持续发展壮大产生较小的有利影响，能够基本保持现有发展能力</remarkContent><theType>机会</theType><projectId>710a167f-a2ed-4f26-a9e1-30d540c18276</projectId><sort>2</sort></Risk><Risk><id>8ba111c1-2b26-4d42-bac1-762f1556b31d</id><fatherid>05d778e7-53f3-487b-92a3-cb2c0be41e93</fatherid><levelTitle>一般</levelTitle><score>0.25-0.5</score><remarkTitle>财务|运营|成本|进度|范围|质量|HSE|可持续发展</remarkTitle><remarkContent>影响税前利润5-10%|主要预算指标偏离20-30%|5-10%的增长|5-10%的滞后|范围主要部分受到影响|质量下降影响到客户是否接受|严重影响多人健康；对环境或社会造成中等影响，需一定时间才能恢复；出现个别投诉；需执行一定程度的补救措施|对公司未来的战略部署和持续发展壮大产生一定的影响，但经过战略调整能够持续成长</remarkContent><theType>威胁</theType><projectId>710a167f-a2ed-4f26-a9e1-30d540c18276</projectId><sort>3</sort></Risk><Risk><id>987bb444-68f7-41e4-8a2a-011d3c5d33d8</id><fatherid>05d778e7-53f3-487b-92a3-cb2c0be41e93</fatherid><levelTitle>很高</levelTitle><score>0.75-1</score><remarkTitle>财务|运营|成本|进度|范围|质量|HSE|可持续发展</remarkTitle><remarkContent>影响税前利润超过20%|主要预算指标偏离超过50%|&gt;20%的增长|&gt;20%的滞后|项目结束时成果毫无用处|项目结束时成果毫无用处|造成多人死亡；对环境或社会造成无法弥补的灾难性损害；激起公众的愤怒；可能导致潜在的大规模的公众法律投诉|对公司未来的战略部署和持续发展壮大产生极大的影响，甚至危及生存</remarkContent><theType>威胁</theType><projectId>710a167f-a2ed-4f26-a9e1-30d540c18276</projectId><sort>5</sort></Risk><Risk><id>a222eeb2-525b-4e84-9c82-4b63d10d3fd9</id><fatherid>91270970-76d1-4826-a3d1-ba6d13115270</fatherid><levelTitle>高</levelTitle><score>0.2-0.4</score><remarkTitle>描述</remarkTitle><remarkContent>评估期内发生的可能性介于20%与40%之间</remarkContent><theType>威胁</theType><projectId>710a167f-a2ed-4f26-a9e1-30d540c18276</projectId><sort>4</sort></Risk><Risk><id>a90c761a-a006-441d-bf4f-eafb122c931d</id><fatherid>dea01836-7797-430b-a1ab-3dd20fde3533</fatherid><levelTitle>低</levelTitle><score>0.05-0.1</score><remarkTitle>描述</remarkTitle><remarkContent>评估期内发生的可能性介5%与10%之间</remarkContent><theType>机会</theType><projectId>710a167f-a2ed-4f26-a9e1-30d540c18276</projectId><sort>2</sort></Risk><Risk><id>ae46f817-7649-426e-84c1-06b61c612fe4</id><fatherid>c1a778b0-8176-42b9-9ed8-7c942f2af8e1</fatherid><levelTitle>一般</levelTitle><score>0.25-0.5</score><remarkTitle>财务|运营|成本|进度|范围|质量|可持续发展</remarkTitle><remarkContent>影响税前利润5-10%|主要预算指标偏离20-30%|5-10%的降低|5-10%的提前|范围主要部分得到改善|客户接受质量|对公司未来的战略部署和持续发展壮大产生一定的有利影响，经过战略调整能够更好地持续成长</remarkContent><theType>机会</theType><projectId>710a167f-a2ed-4f26-a9e1-30d540c18276</projectId><sort>3</sort></Risk><Risk><id>c3f29f91-9698-476d-87b4-7cc2dde20115</id><fatherid>c1a778b0-8176-42b9-9ed8-7c942f2af8e1</fatherid><levelTitle>很低</levelTitle><score>0-0.1</score><remarkTitle>财务|运营|成本|进度|范围|质量|可持续发展</remarkTitle><remarkContent>影响税前利润低于1%|主要预算指标偏离不超过10%|略有降低|略有提前|范围略有改善|质量略有提升|对公司未来的战略部署和持续发展壮大产生微小或者可以忽略的有利影响，能够完全保持现有发展能力</remarkContent><theType>机会</theType><projectId>710a167f-a2ed-4f26-a9e1-30d540c18276</projectId><sort>1</sort></Risk><Risk><id>c5fb0c8d-fc41-4cc6-b99d-794d36cd8901</id><fatherid>91270970-76d1-4826-a3d1-ba6d13115270</fatherid><levelTitle>很高</levelTitle><score>0.4-1</score><remarkTitle>描述</remarkTitle><remarkContent>评估期内发生的可能性大于40%</remarkContent><theType>威胁</theType><projectId>710a167f-a2ed-4f26-a9e1-30d540c18276</projectId><sort>5</sort></Risk><Risk><id>c7f67348-d60d-4e9c-8e57-2ee28d0756a8</id><fatherid>dea01836-7797-430b-a1ab-3dd20fde3533</fatherid><levelTitle>高</levelTitle><score>0.2-0.4</score><remarkTitle>描述</remarkTitle><remarkContent>评估期内发生的可能性介于20%与40%之间</remarkContent><theType>机会</theType><projectId>710a167f-a2ed-4f26-a9e1-30d540c18276</projectId><sort>4</sort></Risk><Risk><id>d8fbd7e3-88e6-44bf-b1c9-ddc6e2923406</id><fatherid>05d778e7-53f3-487b-92a3-cb2c0be41e93</fatherid><levelTitle>低</levelTitle><score>0.1-0.25</score><remarkTitle>财务|运营|成本|进度|范围|质量|HSE|可持续发展</remarkTitle><remarkContent>影响税前利润1-5%|主要预算指标偏离10-20%|&lt;5%的增长|&lt;5%的滞后|范围次要部分受到影响|部分应用受到影响|严重影响1人健康；对环境或社会造成一定影响；需通知政府有关部门|对公司未来的战略部署和持续发展壮大产生较小的影响，能够基本保持现有发展能力</remarkContent><theType>威胁</theType><projectId>710a167f-a2ed-4f26-a9e1-30d540c18276</projectId><sort>2</sort></Risk><Risk><id>f8e7563a-5dac-47d9-8f29-2a05b645b226</id><fatherid>dea01836-7797-430b-a1ab-3dd20fde3533</fatherid><levelTitle>很高</levelTitle><score>0.4-1</score><remarkTitle>描述</remarkTitle><remarkContent>评估期内发生的可能性大于40%</remarkContent><theType>机会</theType><projectId>710a167f-a2ed-4f26-a9e1-30d540c18276</projectId><sort>5</sort></Risk><Risk><id>fa0b29b2-8200-462d-aaa7-7010e0361d6d</id><fatherid>c1a778b0-8176-42b9-9ed8-7c942f2af8e1</fatherid><levelTitle>很高</levelTitle><score>0.75-1</score><remarkTitle>财务|运营|成本|进度|范围|质量|可持续发展</remarkTitle><remarkContent>影响税前利润超过20%|主要预算指标偏离超过50%|&gt;20%的降低|&gt;20%的提前|项目结束时成果大有改善|客户对质量非常满意|对公司未来的战略部署和持续发展壮大产生极大的有利影响，甚至提供新的战略发展方向</remarkContent><theType>机会</theType><projectId>710a167f-a2ed-4f26-a9e1-30d540c18276</projectId><sort>5</sort></Risk></UltraData>