﻿<?xml version="1.0" encoding="UTF-8"?><UltraData><Risk><id>06717084-a689-4fbd-931a-35cc84b5e7f8</id><projectId>710a167f-a2ed-4f26-a9e1-30d540c18276</projectId><yinsuTitle>企业</yinsuTitle><yinsuRemark>指公司、企业，包括母公司和子公司等</yinsuRemark><belongWho>1e090193-efe2-474f-838a-d1b21e2fde7d</belongWho><pageId>2f37aab8-658a-475c-833e-1335b5a2b8dc</pageId></Risk><Risk><id>0f7fbdfc-8886-44e3-955a-796bee4ed8fd</id><projectId>710a167f-a2ed-4f26-a9e1-30d540c18276</projectId><yinsuTitle>汇率</yinsuTitle><yinsuRemark>包括人民币、美元、欧元、英镑以及其他货币的价格比率</yinsuRemark><belongWho>6da445c1-c092-4f13-810f-47dfb273937c</belongWho><pageId>2f37aab8-658a-475c-833e-1335b5a2b8dc</pageId></Risk><Risk><id>13a18adc-085e-4a69-84de-96f6327d78d8</id><projectId>710a167f-a2ed-4f26-a9e1-30d540c18276</projectId><yinsuTitle>恐怖组织及犯罪团体</yinsuTitle><yinsuRemark>从事恐怖行为的组织及犯罪团体</yinsuRemark><belongWho>406c0862-e844-46e3-b209-bd5738632fb2</belongWho><pageId>2f37aab8-658a-475c-833e-1335b5a2b8dc</pageId></Risk><Risk><id>27d13036-583e-4eec-9db8-2e05700ba795</id><projectId>710a167f-a2ed-4f26-a9e1-30d540c18276</projectId><yinsuTitle>项目</yinsuTitle><yinsuRemark>指各类项目</yinsuRemark><belongWho>bde8b26a-9d20-4aa5-89f8-bdc94c2fd3b1</belongWho><pageId>2f37aab8-658a-475c-833e-1335b5a2b8dc</pageId></Risk><Risk><id>2b659996-6ba1-45fb-bf04-c0622ab956d1</id><projectId>710a167f-a2ed-4f26-a9e1-30d540c18276</projectId><yinsuTitle>政府及监管部门</yinsuTitle><yinsuRemark>企业或项目所在地政府及相关监管部门</yinsuRemark><belongWho>e74e72f2-1388-4384-9424-1add75f6279d</belongWho><pageId>2f37aab8-658a-475c-833e-1335b5a2b8dc</pageId></Risk><Risk><id>48b296a4-85de-44f5-847e-4b3259cec1fa</id><projectId>710a167f-a2ed-4f26-a9e1-30d540c18276</projectId><yinsuTitle>外国公司</yinsuTitle><yinsuRemark>指外国公司、企业、竞争者、合作商等</yinsuRemark><belongWho>ca6a0e1b-fae2-4738-b4c8-41d25f796636</belongWho><pageId>2f37aab8-658a-475c-833e-1335b5a2b8dc</pageId></Risk><Risk><id>50602934-e848-4c25-97de-29345f2a4d78</id><projectId>710a167f-a2ed-4f26-a9e1-30d540c18276</projectId><yinsuTitle>员工</yinsuTitle><yinsuRemark>企业自身的员工</yinsuRemark><belongWho>5d8e6bb4-6b05-4888-8fe4-a7a182970feb</belongWho><pageId>2f37aab8-658a-475c-833e-1335b5a2b8dc</pageId></Risk><Risk><id>6d7c5785-644b-4090-880e-871a5eaa858b</id><projectId>710a167f-a2ed-4f26-a9e1-30d540c18276</projectId><yinsuTitle>本地化员工</yinsuTitle><yinsuRemark>来自企业或项目所在地的本土员工</yinsuRemark><belongWho>471e6197-3666-4ad7-b539-b3c554e086c3</belongWho><pageId>2f37aab8-658a-475c-833e-1335b5a2b8dc</pageId></Risk><Risk><id>9d5a0e1b-8692-4387-9c0f-6554b4d0ae38</id><projectId>710a167f-a2ed-4f26-a9e1-30d540c18276</projectId><yinsuTitle>库存</yinsuTitle><yinsuRemark>指原料、产品等相关的库存</yinsuRemark><belongWho>156095b2-44a4-47fa-82a6-3a2432915f70</belongWho><pageId>2f37aab8-658a-475c-833e-1335b5a2b8dc</pageId></Risk><Risk><id>a34d10ed-101d-4b86-aa79-b15c4f7f0d54</id><projectId>710a167f-a2ed-4f26-a9e1-30d540c18276</projectId><yinsuTitle>供应商</yinsuTitle><yinsuRemark>指设备、原料等方面的供应商</yinsuRemark><belongWho>8b25e394-11d9-41e0-96a8-4e8cae9e4647</belongWho><pageId>2f37aab8-658a-475c-833e-1335b5a2b8dc</pageId></Risk><Risk><id>d9721820-61be-42e6-a3ff-b1e3d9d8c202</id><projectId>710a167f-a2ed-4f26-a9e1-30d540c18276</projectId><yinsuTitle>收益</yinsuTitle><yinsuRemark>指各类活动的收益</yinsuRemark><belongWho>d420fcf6-d983-4fc0-ba25-5a7fda970af7</belongWho><pageId>2f37aab8-658a-475c-833e-1335b5a2b8dc</pageId></Risk><Risk><id>dfc47dd6-6e41-4de5-a784-814c14509777</id><projectId>710a167f-a2ed-4f26-a9e1-30d540c18276</projectId><yinsuTitle>价格</yinsuTitle><yinsuRemark>指各类现货及期货市场价格</yinsuRemark><belongWho>59e56b32-3067-4bf0-81d2-221c2e8e969a</belongWho><pageId>2f37aab8-658a-475c-833e-1335b5a2b8dc</pageId></Risk><Risk><id>f4d8e94b-5e69-44a4-b946-fece6bf0897a</id><projectId>710a167f-a2ed-4f26-a9e1-30d540c18276</projectId><yinsuTitle>保险公司</yinsuTitle><yinsuRemark>各类保险公司</yinsuRemark><belongWho>f6567686-8e92-4ce9-a259-b6a58f4d4c8d</belongWho><pageId>2f37aab8-658a-475c-833e-1335b5a2b8dc</pageId></Risk><Risk><id>f6bb9fd2-3886-4a60-b393-a23533fca7b4</id><projectId>710a167f-a2ed-4f26-a9e1-30d540c18276</projectId><yinsuTitle>知识产权</yinsuTitle><yinsuRemark>指产品、技术、原料等相关的知识产权</yinsuRemark><belongWho>18c9257e-70a3-4462-83e8-1c3379c6620f</belongWho><pageId>2f37aab8-658a-475c-833e-1335b5a2b8dc</pageId></Risk></UltraData>