﻿<?xml version="1.0" encoding="UTF-8"?><UltraData><Risk><id>06f01324-4048-4193-8f5b-4c03edc5d13d</id><projectId>710a167f-a2ed-4f26-a9e1-30d540c18276</projectId><objectId>293</objectId><title></title><positionX>1.150000000292430e+001</positionX><positionY>3.168328181859140e+000</positionY><width>5.999999961009610e-001</width><height>5.999999961009610e-001</height><isline>0</isline><picPng>b5cfaa56-5258-4186-a984-2e0fc3fc6d30.svgz</picPng><picEmz>b5cfaa56-5258-4186-a984-2e0fc3fc6d30.png</picEmz><belongPage>2f37aab8-658a-475c-833e-1335b5a2b8dc</belongPage><Obj_maptype>风险</Obj_maptype><Obj_belongwho></Obj_belongwho><Obj_remark>R02-d05-014</Obj_remark><Obj_db_id>b5cfaa56-5258-4186-a984-2e0fc3fc6d30</Obj_db_id><Obj_riskTypeStr>威胁</Obj_riskTypeStr><Obj_other1>a34d10ed-101d-4b86-aa79-b15c4f7f0d54</Obj_other1><Obj_other2>采购风险</Obj_other2><Obj_data1></Obj_data1><Obj_data2></Obj_data2><Obj_data3>b5cfaa56-5258-4186-a984-2e0fc3fc6d30</Obj_data3><lineType>0</lineType><lineType2>0</lineType2><isDel>0</isDel><linkPics></linkPics><cardPic>fd35dd14-88c0-421e-a642-70497590771d.png</cardPic></Risk><Risk><id>0d0905ba-42d5-4852-bbad-f81117168945</id><projectId>710a167f-a2ed-4f26-a9e1-30d540c18276</projectId><objectId>267</objectId><title></title><positionX>1.631406993776910e+001</positionX><positionY>1.148800491593470e+001</positionY><width>3.233387152239620e+000</width><height>5.000000000000000e-001</height><isline>1</isline><fromWho>129</fromWho><toWho>82</toWho><lineFromX>1.469737636164930e+001</lineFromX><lineFromy>1.127600983186940e+001</lineFromy><lineTox>1.793076351388890e+001</lineTox><lineToy>1.170000000000000e+001</lineToy><visLineWeight>1</visLineWeight><visLineColor>0</visLineColor><visLinePattern>1</visLinePattern><visLineArrowSize>2</visLineArrowSize><visLineBeginArrow>0</visLineBeginArrow><visLineEndArrow>5</visLineEndArrow><visLineEndCap>0</visLineEndCap><visLineBeginArrowSize>2</visLineBeginArrowSize><visLineColorTrans>0%</visLineColorTrans><picPng>bc9901ce-c470-45bd-beea-422fcb178ca3.svgz</picPng><picEmz>bc9901ce-c470-45bd-beea-422fcb178ca3.png</picEmz><belongPage>2f37aab8-658a-475c-833e-1335b5a2b8dc</belongPage><Obj_maptype></Obj_maptype><Obj_belongwho></Obj_belongwho><Obj_remark></Obj_remark><Obj_db_id>bc9901ce-c470-45bd-beea-422fcb178ca3</Obj_db_id><Obj_riskTypeStr></Obj_riskTypeStr><Obj_other1></Obj_other1><Obj_other2></Obj_other2><Obj_data1></Obj_data1><Obj_data2></Obj_data2><Obj_data3>bc9901ce-c470-45bd-beea-422fcb178ca3</Obj_data3><lineType>1</lineType><lineType2>2</lineType2><isDel>0</isDel><linkPics></linkPics></Risk><Risk><id>0e79d242-8a15-476d-9196-b6769cf4a585</id><projectId>710a167f-a2ed-4f26-a9e1-30d540c18276</projectId><objectId>225</objectId><title>供应商</title><positionX>1.065000000000000e+001</positionX><positionY>2.400000000000000e+000</positionY><width>2.300000000000000e+000</width><height>9.200000000000010e-001</height><isline>0</isline><picPng>a34d10ed-101d-4b86-aa79-b15c4f7f0d54.svgz</picPng><picEmz>a34d10ed-101d-4b86-aa79-b15c4f7f0d54.png</picEmz><belongPage>2f37aab8-658a-475c-833e-1335b5a2b8dc</belongPage><Obj_maptype>因素</Obj_maptype><Obj_belongwho>8b25e394-11d9-41e0-96a8-4e8cae9e4647</Obj_belongwho><Obj_remark>指设备、原料等方面的供应商</Obj_remark><Obj_db_id>a34d10ed-101d-4b86-aa79-b15c4f7f0d54</Obj_db_id><Obj_riskTypeStr></Obj_riskTypeStr><Obj_other1></Obj_other1><Obj_other2></Obj_other2><Obj_data1></Obj_data1><Obj_data2></Obj_data2><Obj_data3>a34d10ed-101d-4b86-aa79-b15c4f7f0d54</Obj_data3><lineType>0</lineType><lineType2>0</lineType2><isDel>0</isDel><linkPics></linkPics></Risk><Risk><id>11479dd1-2227-4de7-b72b-e9e3644f19eb</id><projectId>710a167f-a2ed-4f26-a9e1-30d540c18276</projectId><objectId>296</objectId><title></title><positionX>2.238230001443020e+001</positionX><positionY>1.567871323216730e+001</positionY><width>3.298560015324090e+000</width><height>0.000000000000000e+000</height><isline>1</isline><fromWho>287</fromWho><toWho>289</toWho><lineFromX>2.077746557259910e+001</lineFromX><lineFromy>1.529840946149650e+001</lineFromy><lineTox>2.398713445626130e+001</lineTox><lineToy>1.605901700283810e+001</lineToy><visLineWeight>1</visLineWeight><visLineColor>RGB(255, 0, 0)</visLineColor><visLinePattern>9</visLinePattern><visLineArrowSize>2</visLineArrowSize><visLineBeginArrow>0</visLineBeginArrow><visLineEndArrow>0</visLineEndArrow><visLineEndCap>0</visLineEndCap><visLineBeginArrowSize>2</visLineBeginArrowSize><visLineColorTrans>0%</visLineColorTrans><picPng>084a38ca-ca0e-46c5-b4ab-536ee326f66f.svgz</picPng><picEmz>084a38ca-ca0e-46c5-b4ab-536ee326f66f.png</picEmz><belongPage>2f37aab8-658a-475c-833e-1335b5a2b8dc</belongPage><Obj_maptype>相关性</Obj_maptype><Obj_belongwho></Obj_belongwho><Obj_remark></Obj_remark><Obj_db_id>084a38ca-ca0e-46c5-b4ab-536ee326f66f</Obj_db_id><Obj_riskTypeStr></Obj_riskTypeStr><Obj_other1></Obj_other1><Obj_other2></Obj_other2><Obj_data1></Obj_data1><Obj_data2></Obj_data2><Obj_data3>084a38ca-ca0e-46c5-b4ab-536ee326f66f</Obj_data3><lineType>0</lineType><lineType2>0</lineType2><isDel>0</isDel><linkPics></linkPics></Risk><Risk><id>169ec047-f1c5-4de2-8f2a-9130ba33a634</id><projectId>710a167f-a2ed-4f26-a9e1-30d540c18276</projectId><objectId>291</objectId><title></title><positionX>1.500000000243690e+001</positionX><positionY>1.222360681857520e+001</positionY><width>4.999999961009590e-001</width><height>4.999999961009590e-001</height><isline>0</isline><picPng>d026f073-85b4-40f6-adcb-ecf0baeee495.svgz</picPng><picEmz>d026f073-85b4-40f6-adcb-ecf0baeee495.png</picEmz><belongPage>2f37aab8-658a-475c-833e-1335b5a2b8dc</belongPage><Obj_maptype>风险</Obj_maptype><Obj_belongwho></Obj_belongwho><Obj_remark>R02-d05-012</Obj_remark><Obj_db_id>d026f073-85b4-40f6-adcb-ecf0baeee495</Obj_db_id><Obj_riskTypeStr>威胁</Obj_riskTypeStr><Obj_other1>50602934-e848-4c25-97de-29345f2a4d78</Obj_other1><Obj_other2>生产作业风险</Obj_other2><Obj_data1></Obj_data1><Obj_data2></Obj_data2><Obj_data3>d026f073-85b4-40f6-adcb-ecf0baeee495</Obj_data3><lineType>0</lineType><lineType2>0</lineType2><isDel>0</isDel><linkPics></linkPics><cardPic>95ad88c2-17d7-49c9-ba88-7b80406d1a17.png</cardPic></Risk><Risk><id>1d26cbdc-5ea3-439e-85b5-37e0dd72ee3e</id><projectId>710a167f-a2ed-4f26-a9e1-30d540c18276</projectId><objectId>269</objectId><title></title><positionX>6.380701250000000e+000</positionX><positionY>7.000000000000000e+000</positionY><width>2.238597500000000e+000</width><height>-2.200000000000000e+000</height><isline>1</isline><fromWho>24</fromWho><toWho>201</toWho><lineFromX>5.261402500000000e+000</lineFromX><lineFromy>8.100000000000000e+000</lineFromy><lineTox>7.500000000000000e+000</lineTox><lineToy>5.900000000000000e+000</lineToy><visLineWeight>1</visLineWeight><visLineColor>0</visLineColor><visLinePattern>1</visLinePattern><visLineArrowSize>2</visLineArrowSize><visLineBeginArrow>0</visLineBeginArrow><visLineEndArrow>5</visLineEndArrow><visLineEndCap>0</visLineEndCap><visLineBeginArrowSize>2</visLineBeginArrowSize><visLineColorTrans>0%</visLineColorTrans><picPng>9aee85fc-6092-43f7-bb84-402bf6f23a29.svgz</picPng><picEmz>9aee85fc-6092-43f7-bb84-402bf6f23a29.png</picEmz><belongPage>2f37aab8-658a-475c-833e-1335b5a2b8dc</belongPage><Obj_maptype></Obj_maptype><Obj_belongwho></Obj_belongwho><Obj_remark></Obj_remark><Obj_db_id>9aee85fc-6092-43f7-bb84-402bf6f23a29</Obj_db_id><Obj_riskTypeStr></Obj_riskTypeStr><Obj_other1></Obj_other1><Obj_other2></Obj_other2><Obj_data1></Obj_data1><Obj_data2></Obj_data2><Obj_data3>9aee85fc-6092-43f7-bb84-402bf6f23a29</Obj_data3><lineType>1</lineType><lineType2>2</lineType2><isDel>0</isDel><linkPics></linkPics></Risk><Risk><id>1e043652-8bde-46c2-bd5e-19fa6adb6d1a</id><projectId>710a167f-a2ed-4f26-a9e1-30d540c18276</projectId><objectId>281</objectId><title></title><positionX>1.365627789884590e+001</positionX><positionY>1.457802080294150e+001</positionY><width>9.625255720986511e+000</width><height>-4.258727851804430e+000</height><isline>1</isline><fromWho>205</fromWho><toWho>82</toWho><lineFromX>8.843650038352680e+000</lineFromX><lineFromy>1.670738472884380e+001</lineFromy><lineTox>1.846890575933920e+001</lineTox><lineToy>1.244865687703930e+001</lineToy><visLineWeight>1</visLineWeight><visLineColor>0</visLineColor><visLinePattern>1</visLinePattern><visLineArrowSize>2</visLineArrowSize><visLineBeginArrow>0</visLineBeginArrow><visLineEndArrow>5</visLineEndArrow><visLineEndCap>0</visLineEndCap><visLineBeginArrowSize>2</visLineBeginArrowSize><visLineColorTrans>0%</visLineColorTrans><picPng>e83c8855-e6c4-41d5-9dff-1d4179c20f75.svgz</picPng><picEmz>e83c8855-e6c4-41d5-9dff-1d4179c20f75.png</picEmz><belongPage>2f37aab8-658a-475c-833e-1335b5a2b8dc</belongPage><Obj_maptype></Obj_maptype><Obj_belongwho></Obj_belongwho><Obj_remark></Obj_remark><Obj_db_id>e83c8855-e6c4-41d5-9dff-1d4179c20f75</Obj_db_id><Obj_riskTypeStr></Obj_riskTypeStr><Obj_other1></Obj_other1><Obj_other2></Obj_other2><Obj_data1></Obj_data1><Obj_data2></Obj_data2><Obj_data3>e83c8855-e6c4-41d5-9dff-1d4179c20f75</Obj_data3><lineType>1</lineType><lineType2>2</lineType2><isDel>0</isDel><linkPics></linkPics></Risk><Risk><id>2345bc96-c14f-4061-a758-c7471d9c570f</id><projectId>710a167f-a2ed-4f26-a9e1-30d540c18276</projectId><objectId>272</objectId><title></title><positionX>1.145000000000000e+001</positionX><positionY>4.330000000000000e+000</positionY><width>1.600000000000000e+000</width><height>2.940000000000000e+000</height><isline>1</isline><fromWho>225</fromWho><toWho>71</toWho><lineFromX>1.065000000000000e+001</lineFromX><lineFromy>2.860000000000000e+000</lineFromy><lineTox>1.225000000000000e+001</lineTox><lineToy>5.800000000000000e+000</lineToy><visLineWeight>1</visLineWeight><visLineColor>0</visLineColor><visLinePattern>1</visLinePattern><visLineArrowSize>2</visLineArrowSize><visLineBeginArrow>0</visLineBeginArrow><visLineEndArrow>5</visLineEndArrow><visLineEndCap>0</visLineEndCap><visLineBeginArrowSize>2</visLineBeginArrowSize><visLineColorTrans>0%</visLineColorTrans><picPng>1addfb10-7087-44dd-8a9e-386752a6d8d9.svgz</picPng><picEmz>1addfb10-7087-44dd-8a9e-386752a6d8d9.png</picEmz><belongPage>2f37aab8-658a-475c-833e-1335b5a2b8dc</belongPage><Obj_maptype></Obj_maptype><Obj_belongwho></Obj_belongwho><Obj_remark></Obj_remark><Obj_db_id>1addfb10-7087-44dd-8a9e-386752a6d8d9</Obj_db_id><Obj_riskTypeStr></Obj_riskTypeStr><Obj_other1></Obj_other1><Obj_other2></Obj_other2><Obj_data1></Obj_data1><Obj_data2></Obj_data2><Obj_data3>1addfb10-7087-44dd-8a9e-386752a6d8d9</Obj_data3><lineType>1</lineType><lineType2>2</lineType2><isDel>0</isDel><linkPics></linkPics></Risk><Risk><id>23fd1000-7fc5-4b1d-9a9a-598736422f7c</id><projectId>710a167f-a2ed-4f26-a9e1-30d540c18276</projectId><objectId>275</objectId><title></title><positionX>1.697695132013200e+001</positionX><positionY>4.625000000000000e+000</positionY><width>-5.453902640264020e+000</width><height>2.450000000000000e+000</height><isline>1</isline><fromWho>235</fromWho><toWho>71</toWho><lineFromX>1.970390264026400e+001</lineFromX><lineFromy>3.400000000000000e+000</lineFromy><lineTox>1.425000000000000e+001</lineTox><lineToy>5.850000000000000e+000</lineToy><visLineWeight>1</visLineWeight><visLineColor>0</visLineColor><visLinePattern>1</visLinePattern><visLineArrowSize>2</visLineArrowSize><visLineBeginArrow>0</visLineBeginArrow><visLineEndArrow>5</visLineEndArrow><visLineEndCap>0</visLineEndCap><visLineBeginArrowSize>2</visLineBeginArrowSize><visLineColorTrans>0%</visLineColorTrans><picPng>2f56d40c-99a0-4db3-898f-f1a65acb8828.svgz</picPng><picEmz>2f56d40c-99a0-4db3-898f-f1a65acb8828.png</picEmz><belongPage>2f37aab8-658a-475c-833e-1335b5a2b8dc</belongPage><Obj_maptype></Obj_maptype><Obj_belongwho></Obj_belongwho><Obj_remark></Obj_remark><Obj_db_id>2f56d40c-99a0-4db3-898f-f1a65acb8828</Obj_db_id><Obj_riskTypeStr></Obj_riskTypeStr><Obj_other1></Obj_other1><Obj_other2></Obj_other2><Obj_data1></Obj_data1><Obj_data2></Obj_data2><Obj_data3>2f56d40c-99a0-4db3-898f-f1a65acb8828</Obj_data3><lineType>1</lineType><lineType2>2</lineType2><isDel>0</isDel><linkPics></linkPics></Risk><Risk><id>26679769-ae31-4243-bf38-c9b8eeb91896</id><projectId>710a167f-a2ed-4f26-a9e1-30d540c18276</projectId><objectId>128</objectId><title>价格</title><positionX>2.352285833333330e+001</positionX><positionY>1.550000000000000e+001</positionY><width>1.954283333333340e+000</width><height>1.374397749790090e+000</height><isline>0</isline><picPng>dfc47dd6-6e41-4de5-a784-814c14509777.svgz</picPng><picEmz>dfc47dd6-6e41-4de5-a784-814c14509777.png</picEmz><belongPage>2f37aab8-658a-475c-833e-1335b5a2b8dc</belongPage><Obj_maptype>因素</Obj_maptype><Obj_belongwho>59e56b32-3067-4bf0-81d2-221c2e8e969a</Obj_belongwho><Obj_remark>指各类现货及期货市场价格</Obj_remark><Obj_db_id>dfc47dd6-6e41-4de5-a784-814c14509777</Obj_db_id><Obj_riskTypeStr></Obj_riskTypeStr><Obj_other1></Obj_other1><Obj_other2></Obj_other2><Obj_data1></Obj_data1><Obj_data2></Obj_data2><Obj_data3>dfc47dd6-6e41-4de5-a784-814c14509777</Obj_data3><lineType>0</lineType><lineType2>0</lineType2><isDel>0</isDel><linkPics>%e5%8d%b0%e5%b0%bc%e7%9f%b3%e6%b2%b9%e4%b8%9a.png</linkPics></Risk><Risk><id>2b67f761-513b-4094-a228-03312e742023</id><projectId>710a167f-a2ed-4f26-a9e1-30d540c18276</projectId><objectId>2</objectId><title>政府及监管部门</title><positionX>1.800000000000000e+001</positionX><positionY>1.822500000000000e+001</positionY><width>1.750000000000000e+000</width><height>1.749999999999990e+000</height><isline>0</isline><picPng>2b659996-6ba1-45fb-bf04-c0622ab956d1.svgz</picPng><picEmz>2b659996-6ba1-45fb-bf04-c0622ab956d1.png</picEmz><belongPage>2f37aab8-658a-475c-833e-1335b5a2b8dc</belongPage><Obj_maptype>因素</Obj_maptype><Obj_belongwho>e74e72f2-1388-4384-9424-1add75f6279d</Obj_belongwho><Obj_remark>企业或项目所在地政府及相关监管部门</Obj_remark><Obj_db_id>2b659996-6ba1-45fb-bf04-c0622ab956d1</Obj_db_id><Obj_riskTypeStr></Obj_riskTypeStr><Obj_other1></Obj_other1><Obj_other2></Obj_other2><Obj_data1></Obj_data1><Obj_data2></Obj_data2><Obj_data3>2b659996-6ba1-45fb-bf04-c0622ab956d1</Obj_data3><lineType>0</lineType><lineType2>0</lineType2><isDel>0</isDel><linkPics>%e5%8d%b0%e5%b0%bc%e7%ae%80%e4%bb%8b.png</linkPics></Risk><Risk><id>2e2b0cbc-1976-47f3-9247-e7107a609d1a</id><projectId>710a167f-a2ed-4f26-a9e1-30d540c18276</projectId><objectId>280</objectId><title></title><positionX>1.875000000438640e+001</positionX><positionY>1.097360681662570e+001</positionY><width>4.999999961009620e-001</width><height>4.999999961009620e-001</height><isline>0</isline><picPng>70e299cc-e549-43ca-8a87-ad0e4a0abf77.svgz</picPng><picEmz>70e299cc-e549-43ca-8a87-ad0e4a0abf77.png</picEmz><belongPage>2f37aab8-658a-475c-833e-1335b5a2b8dc</belongPage><Obj_maptype>风险</Obj_maptype><Obj_belongwho></Obj_belongwho><Obj_remark>R02-d05-002</Obj_remark><Obj_db_id>70e299cc-e549-43ca-8a87-ad0e4a0abf77</Obj_db_id><Obj_riskTypeStr>威胁</Obj_riskTypeStr><Obj_other1>06717084-a689-4fbd-931a-35cc84b5e7f8</Obj_other1><Obj_other2>技术风险</Obj_other2><Obj_data1></Obj_data1><Obj_data2></Obj_data2><Obj_data3>70e299cc-e549-43ca-8a87-ad0e4a0abf77</Obj_data3><lineType>0</lineType><lineType2>0</lineType2><isDel>0</isDel><linkPics></linkPics><cardPic>ec447d2b-1944-4a71-9250-bfd192fd6693.png</cardPic></Risk><Risk><id>3ee05ae4-3a5a-4d10-b49d-853860b81e87</id><projectId>710a167f-a2ed-4f26-a9e1-30d540c18276</projectId><objectId>289</objectId><title></title><positionX>2.425000000048740e+001</positionX><positionY>1.597360681662570e+001</positionY><width>4.999999961009620e-001</width><height>4.999999961009620e-001</height><isline>0</isline><picPng>64dfccac-bdb0-443a-9a55-f7b0f525b1e3.svgz</picPng><picEmz>64dfccac-bdb0-443a-9a55-f7b0f525b1e3.png</picEmz><belongPage>2f37aab8-658a-475c-833e-1335b5a2b8dc</belongPage><Obj_maptype>风险</Obj_maptype><Obj_belongwho></Obj_belongwho><Obj_remark>R02-d05-010</Obj_remark><Obj_db_id>64dfccac-bdb0-443a-9a55-f7b0f525b1e3</Obj_db_id><Obj_riskTypeStr>机会</Obj_riskTypeStr><Obj_other1>dfc47dd6-6e41-4de5-a784-814c14509777</Obj_other1><Obj_other2>大宗商品价格风险</Obj_other2><Obj_data1></Obj_data1><Obj_data2></Obj_data2><Obj_data3>64dfccac-bdb0-443a-9a55-f7b0f525b1e3</Obj_data3><lineType>0</lineType><lineType2>0</lineType2><isDel>0</isDel><linkPics></linkPics><cardPic>13d0d70c-57cd-4690-898f-d45efaff2fc3.png</cardPic></Risk><Risk><id>3f903581-0758-4833-88c5-01a885a50d90</id><projectId>710a167f-a2ed-4f26-a9e1-30d540c18276</projectId><objectId>73</objectId><title>本地化员工</title><positionX>5.499999999999990e+000</positionX><positionY>1.460000000000000e+001</positionY><width>1.000000000000010e+000</width><height>2.000000000000030e+000</height><isline>0</isline><picPng>6d7c5785-644b-4090-880e-871a5eaa858b.svgz</picPng><picEmz>6d7c5785-644b-4090-880e-871a5eaa858b.png</picEmz><belongPage>2f37aab8-658a-475c-833e-1335b5a2b8dc</belongPage><Obj_maptype>因素</Obj_maptype><Obj_belongwho>471e6197-3666-4ad7-b539-b3c554e086c3</Obj_belongwho><Obj_remark>来自企业或项目所在地的本土员工</Obj_remark><Obj_db_id>6d7c5785-644b-4090-880e-871a5eaa858b</Obj_db_id><Obj_riskTypeStr></Obj_riskTypeStr><Obj_other1></Obj_other1><Obj_other2></Obj_other2><Obj_data1></Obj_data1><Obj_data2></Obj_data2><Obj_data3>6d7c5785-644b-4090-880e-871a5eaa858b</Obj_data3><lineType>0</lineType><lineType2>0</lineType2><isDel>0</isDel><linkPics></linkPics></Risk><Risk><id>48f6011f-2bee-44d3-91d6-04152aee252c</id><projectId>710a167f-a2ed-4f26-a9e1-30d540c18276</projectId><objectId>236</objectId><title></title><positionX>8.051505526041661e+000</positionX><positionY>1.222468966145830e+001</positionY><width>4.103011052083350e+000</width><height>-2.750620677083360e+000</height><isline>1</isline><fromWho>73</fromWho><toWho>237</toWho><lineFromX>5.999999999999990e+000</lineFromX><lineFromy>1.360000000000000e+001</lineFromy><lineTox>1.010301105208330e+001</lineTox><lineToy>1.084937932291670e+001</lineToy><visLineWeight>1</visLineWeight><visLineColor>0</visLineColor><visLinePattern>1</visLinePattern><visLineArrowSize>2</visLineArrowSize><visLineBeginArrow>0</visLineBeginArrow><visLineEndArrow>5</visLineEndArrow><visLineEndCap>0</visLineEndCap><visLineBeginArrowSize>2</visLineBeginArrowSize><visLineColorTrans>0%</visLineColorTrans><picPng>4203a917-eff1-4df1-b3e8-5e3d4fa8b41d.svgz</picPng><picEmz>4203a917-eff1-4df1-b3e8-5e3d4fa8b41d.png</picEmz><belongPage>2f37aab8-658a-475c-833e-1335b5a2b8dc</belongPage><Obj_maptype></Obj_maptype><Obj_belongwho></Obj_belongwho><Obj_remark></Obj_remark><Obj_db_id>4203a917-eff1-4df1-b3e8-5e3d4fa8b41d</Obj_db_id><Obj_riskTypeStr></Obj_riskTypeStr><Obj_other1></Obj_other1><Obj_other2></Obj_other2><Obj_data1></Obj_data1><Obj_data2></Obj_data2><Obj_data3>4203a917-eff1-4df1-b3e8-5e3d4fa8b41d</Obj_data3><lineType>1</lineType><lineType2>2</lineType2><isDel>0</isDel><linkPics></linkPics></Risk><Risk><id>546f126c-630b-4d91-b3a4-9c29f6641442</id><projectId>710a167f-a2ed-4f26-a9e1-30d540c18276</projectId><objectId>271</objectId><title></title><positionX>1.086909666666670e+001</positionX><positionY>5.950000000000000e+000</positionY><width>2.761806666666660e+000</width><height>-5.000000000000000e-001</height><isline>1</isline><fromWho>201</fromWho><toWho>71</toWho><lineFromX>9.488193333333340e+000</lineFromX><lineFromy>6.100000000000000e+000</lineFromy><lineTox>1.225000000000000e+001</lineTox><lineToy>5.800000000000000e+000</lineToy><visLineWeight>1</visLineWeight><visLineColor>0</visLineColor><visLinePattern>1</visLinePattern><visLineArrowSize>2</visLineArrowSize><visLineBeginArrow>0</visLineBeginArrow><visLineEndArrow>5</visLineEndArrow><visLineEndCap>0</visLineEndCap><visLineBeginArrowSize>2</visLineBeginArrowSize><visLineColorTrans>0%</visLineColorTrans><picPng>1298b5da-355b-4b0c-a989-4118d934e9f9.svgz</picPng><picEmz>1298b5da-355b-4b0c-a989-4118d934e9f9.png</picEmz><belongPage>2f37aab8-658a-475c-833e-1335b5a2b8dc</belongPage><Obj_maptype></Obj_maptype><Obj_belongwho></Obj_belongwho><Obj_remark></Obj_remark><Obj_db_id>1298b5da-355b-4b0c-a989-4118d934e9f9</Obj_db_id><Obj_riskTypeStr></Obj_riskTypeStr><Obj_other1></Obj_other1><Obj_other2></Obj_other2><Obj_data1></Obj_data1><Obj_data2></Obj_data2><Obj_data3>1298b5da-355b-4b0c-a989-4118d934e9f9</Obj_data3><lineType>1</lineType><lineType2>2</lineType2><isDel>0</isDel><linkPics></linkPics></Risk><Risk><id>56d8efbd-7397-4bf6-8907-e35f1c3848ca</id><projectId>710a167f-a2ed-4f26-a9e1-30d540c18276</projectId><objectId>284</objectId><title></title><positionX>3.000000002436900e+000</positionX><positionY>8.723606818575179e+000</positionY><width>4.999999961009600e-001</width><height>4.999999961009600e-001</height><isline>0</isline><picPng>d18b002c-0253-458b-87ec-e6ec2539ed98.svgz</picPng><picEmz>d18b002c-0253-458b-87ec-e6ec2539ed98.png</picEmz><belongPage>2f37aab8-658a-475c-833e-1335b5a2b8dc</belongPage><Obj_maptype>风险</Obj_maptype><Obj_belongwho></Obj_belongwho><Obj_remark>R02-d05-005</Obj_remark><Obj_db_id>d18b002c-0253-458b-87ec-e6ec2539ed98</Obj_db_id><Obj_riskTypeStr>威胁</Obj_riskTypeStr><Obj_other1>48b296a4-85de-44f5-847e-4b3259cec1fa</Obj_other1><Obj_other2>知识产权法律风险</Obj_other2><Obj_data1></Obj_data1><Obj_data2></Obj_data2><Obj_data3>d18b002c-0253-458b-87ec-e6ec2539ed98</Obj_data3><lineType>0</lineType><lineType2>0</lineType2><isDel>0</isDel><linkPics></linkPics><cardPic>290c4094-1da5-41fb-8014-f6ee7a21b880.png</cardPic></Risk><Risk><id>59cf9853-9300-43d5-9921-d4dc674f137a</id><projectId>710a167f-a2ed-4f26-a9e1-30d540c18276</projectId><objectId>270</objectId><title></title><positionX>8.505701250000000e+000</positionX><positionY>7.225000000000000e+000</positionY><width>6.488597500000010e+000</width><height>-1.750000000000000e+000</height><isline>1</isline><fromWho>24</fromWho><toWho>71</toWho><lineFromX>5.261402500000000e+000</lineFromX><lineFromy>8.100000000000000e+000</lineFromy><lineTox>1.175000000000000e+001</lineTox><lineToy>6.350000000000000e+000</lineToy><visLineWeight>1</visLineWeight><visLineColor>0</visLineColor><visLinePattern>1</visLinePattern><visLineArrowSize>2</visLineArrowSize><visLineBeginArrow>0</visLineBeginArrow><visLineEndArrow>5</visLineEndArrow><visLineEndCap>0</visLineEndCap><visLineBeginArrowSize>2</visLineBeginArrowSize><visLineColorTrans>0%</visLineColorTrans><picPng>b8d487d1-abe8-4ff5-b1d5-b8cf2bb29fad.svgz</picPng><picEmz>b8d487d1-abe8-4ff5-b1d5-b8cf2bb29fad.png</picEmz><belongPage>2f37aab8-658a-475c-833e-1335b5a2b8dc</belongPage><Obj_maptype></Obj_maptype><Obj_belongwho></Obj_belongwho><Obj_remark></Obj_remark><Obj_db_id>b8d487d1-abe8-4ff5-b1d5-b8cf2bb29fad</Obj_db_id><Obj_riskTypeStr></Obj_riskTypeStr><Obj_other1></Obj_other1><Obj_other2></Obj_other2><Obj_data1></Obj_data1><Obj_data2></Obj_data2><Obj_data3>b8d487d1-abe8-4ff5-b1d5-b8cf2bb29fad</Obj_data3><lineType>1</lineType><lineType2>2</lineType2><isDel>0</isDel><linkPics></linkPics></Risk><Risk><id>5c77f052-ffe3-4164-ab26-685ccb6c0d70</id><projectId>710a167f-a2ed-4f26-a9e1-30d540c18276</projectId><objectId>297</objectId><title></title><positionX>4.650000001949520e+000</positionX><positionY>9.459017002838079e+000</positionY><width>1.046249765425230e+000</width><height>0.000000000000000e+000</height><isline>1</isline><fromWho>279</fromWho><toWho>283</toWho><lineFromX>4.987134460160310e+000</lineFromX><lineFromy>9.059017002838081e+000</lineFromy><lineTox>4.312865543738720e+000</lineTox><lineToy>9.859017002838080e+000</lineToy><visLineWeight>1</visLineWeight><visLineColor>RGB(255, 0, 0)</visLineColor><visLinePattern>9</visLinePattern><visLineArrowSize>2</visLineArrowSize><visLineBeginArrow>0</visLineBeginArrow><visLineEndArrow>0</visLineEndArrow><visLineEndCap>0</visLineEndCap><visLineBeginArrowSize>2</visLineBeginArrowSize><visLineColorTrans>0%</visLineColorTrans><picPng>e5778562-a5a6-4aec-bb59-f8e07b6d8c61.svgz</picPng><picEmz>e5778562-a5a6-4aec-bb59-f8e07b6d8c61.png</picEmz><belongPage>2f37aab8-658a-475c-833e-1335b5a2b8dc</belongPage><Obj_maptype>相关性</Obj_maptype><Obj_belongwho></Obj_belongwho><Obj_remark></Obj_remark><Obj_db_id>e5778562-a5a6-4aec-bb59-f8e07b6d8c61</Obj_db_id><Obj_riskTypeStr></Obj_riskTypeStr><Obj_other1></Obj_other1><Obj_other2></Obj_other2><Obj_data1></Obj_data1><Obj_data2></Obj_data2><Obj_data3>e5778562-a5a6-4aec-bb59-f8e07b6d8c61</Obj_data3><lineType>0</lineType><lineType2>0</lineType2><isDel>0</isDel><linkPics></linkPics></Risk><Risk><id>5e509f7b-8db0-4e43-be6e-84c90e791c7e</id><projectId>710a167f-a2ed-4f26-a9e1-30d540c18276</projectId><objectId>199</objectId><title></title><positionX>2.360810500000000e+001</positionX><positionY>1.340336856468350e+001</positionY><width>-7.837900000000020e-001</width><height>-2.818865120842840e+000</height><isline>1</isline><fromWho>128</fromWho><toWho>142</toWho><lineFromX>2.400000000000000e+001</lineFromX><lineFromy>1.481280112510500e+001</lineFromy><lineTox>2.321621000000000e+001</lineTox><lineToy>1.199393600426210e+001</lineToy><visLineWeight>1</visLineWeight><visLineColor>0</visLineColor><visLinePattern>1</visLinePattern><visLineArrowSize>2</visLineArrowSize><visLineBeginArrow>0</visLineBeginArrow><visLineEndArrow>5</visLineEndArrow><visLineEndCap>0</visLineEndCap><visLineBeginArrowSize>2</visLineBeginArrowSize><visLineColorTrans>0%</visLineColorTrans><picPng>2a2bc8b2-c983-45fb-b71f-92b2b54ac985.svgz</picPng><picEmz>2a2bc8b2-c983-45fb-b71f-92b2b54ac985.png</picEmz><belongPage>2f37aab8-658a-475c-833e-1335b5a2b8dc</belongPage><Obj_maptype></Obj_maptype><Obj_belongwho></Obj_belongwho><Obj_remark></Obj_remark><Obj_db_id>2a2bc8b2-c983-45fb-b71f-92b2b54ac985</Obj_db_id><Obj_riskTypeStr></Obj_riskTypeStr><Obj_other1></Obj_other1><Obj_other2></Obj_other2><Obj_data1></Obj_data1><Obj_data2></Obj_data2><Obj_data3>2a2bc8b2-c983-45fb-b71f-92b2b54ac985</Obj_data3><lineType>1</lineType><lineType2>2</lineType2><isDel>0</isDel><linkPics></linkPics></Risk><Risk><id>605657c4-9a1d-44a0-bdd4-075fd68b6e67</id><projectId>710a167f-a2ed-4f26-a9e1-30d540c18276</projectId><objectId>274</objectId><title></title><positionX>1.455372575993440e+001</positionX><positionY>5.025545431523880e+000</positionY><width>-1.607451519868850e+000</width><height>1.148909136952230e+000</height><isline>1</isline><fromWho>143</fromWho><toWho>71</toWho><lineFromX>1.535745151986890e+001</lineFromX><lineFromy>4.451090863047770e+000</lineFromy><lineTox>1.375000000000000e+001</lineTox><lineToy>5.600000000000000e+000</lineToy><visLineWeight>1</visLineWeight><visLineColor>0</visLineColor><visLinePattern>1</visLinePattern><visLineArrowSize>2</visLineArrowSize><visLineBeginArrow>0</visLineBeginArrow><visLineEndArrow>5</visLineEndArrow><visLineEndCap>0</visLineEndCap><visLineBeginArrowSize>2</visLineBeginArrowSize><visLineColorTrans>0%</visLineColorTrans><picPng>5acbdb8e-2c61-438a-9008-bb3ac0e42785.svgz</picPng><picEmz>5acbdb8e-2c61-438a-9008-bb3ac0e42785.png</picEmz><belongPage>2f37aab8-658a-475c-833e-1335b5a2b8dc</belongPage><Obj_maptype></Obj_maptype><Obj_belongwho></Obj_belongwho><Obj_remark></Obj_remark><Obj_db_id>5acbdb8e-2c61-438a-9008-bb3ac0e42785</Obj_db_id><Obj_riskTypeStr></Obj_riskTypeStr><Obj_other1></Obj_other1><Obj_other2></Obj_other2><Obj_data1></Obj_data1><Obj_data2></Obj_data2><Obj_data3>5acbdb8e-2c61-438a-9008-bb3ac0e42785</Obj_data3><lineType>1</lineType><lineType2>2</lineType2><isDel>0</isDel><linkPics></linkPics></Risk><Risk><id>6256354a-49b5-40cc-b9e7-908f26edcdae</id><projectId>710a167f-a2ed-4f26-a9e1-30d540c18276</projectId><objectId>222</objectId><title></title><positionX>1.292277033194740e+001</positionX><positionY>1.793058958105250e+001</positionY><width>-8.154459336105161e+000</width><height>-5.000000000000000e-001</height><isline>1</isline><fromWho>2</fromWho><toWho>205</toWho><lineFromX>1.700000000000000e+001</lineFromX><lineFromy>1.810000000000000e+001</lineFromy><lineTox>8.845540663894839e+000</lineTox><lineToy>1.776117916210510e+001</lineToy><visLineWeight>1</visLineWeight><visLineColor>0</visLineColor><visLinePattern>1</visLinePattern><visLineArrowSize>2</visLineArrowSize><visLineBeginArrow>0</visLineBeginArrow><visLineEndArrow>5</visLineEndArrow><visLineEndCap>0</visLineEndCap><visLineBeginArrowSize>2</visLineBeginArrowSize><visLineColorTrans>0%</visLineColorTrans><picPng>a544f952-c7d4-4045-a9ac-dfb786d032cc.svgz</picPng><picEmz>a544f952-c7d4-4045-a9ac-dfb786d032cc.png</picEmz><belongPage>2f37aab8-658a-475c-833e-1335b5a2b8dc</belongPage><Obj_maptype></Obj_maptype><Obj_belongwho></Obj_belongwho><Obj_remark></Obj_remark><Obj_db_id>a544f952-c7d4-4045-a9ac-dfb786d032cc</Obj_db_id><Obj_riskTypeStr></Obj_riskTypeStr><Obj_other1></Obj_other1><Obj_other2></Obj_other2><Obj_data1></Obj_data1><Obj_data2></Obj_data2><Obj_data3>a544f952-c7d4-4045-a9ac-dfb786d032cc</Obj_data3><lineType>1</lineType><lineType2>2</lineType2><isDel>0</isDel><linkPics></linkPics></Risk><Risk><id>63460cc9-acea-4893-9212-2febcfdc43e0</id><projectId>710a167f-a2ed-4f26-a9e1-30d540c18276</projectId><objectId>235</objectId><title>保险公司</title><positionX>2.070195132013200e+001</positionX><positionY>3.675155238496820e+000</positionY><width>1.996097359735980e+000</width><height>2.150310476993650e+000</height><isline>0</isline><picPng>f4d8e94b-5e69-44a4-b946-fece6bf0897a.svgz</picPng><picEmz>f4d8e94b-5e69-44a4-b946-fece6bf0897a.png</picEmz><belongPage>2f37aab8-658a-475c-833e-1335b5a2b8dc</belongPage><Obj_maptype>因素</Obj_maptype><Obj_belongwho>f6567686-8e92-4ce9-a259-b6a58f4d4c8d</Obj_belongwho><Obj_remark>各类保险公司</Obj_remark><Obj_db_id>f4d8e94b-5e69-44a4-b946-fece6bf0897a</Obj_db_id><Obj_riskTypeStr></Obj_riskTypeStr><Obj_other1></Obj_other1><Obj_other2></Obj_other2><Obj_data1></Obj_data1><Obj_data2></Obj_data2><Obj_data3>f4d8e94b-5e69-44a4-b946-fece6bf0897a</Obj_data3><lineType>0</lineType><lineType2>0</lineType2><isDel>0</isDel><linkPics></linkPics></Risk><Risk><id>65aabe3f-9ba6-4215-92f9-e40d761a71a5</id><projectId>710a167f-a2ed-4f26-a9e1-30d540c18276</projectId><objectId>266</objectId><title></title><positionX>1.295568730378600e+001</positionX><positionY>1.118137301830180e+001</positionY><width>-2.623045128405280e+000</width><height>-1.036924786603690e+000</height><isline>1</isline><fromWho>129</fromWho><toWho>237</toWho><lineFromX>1.426720986798860e+001</lineFromX><lineFromy>1.169983541160370e+001</lineFromy><lineTox>1.164416473958340e+001</lineTox><lineToy>1.066291062500000e+001</lineToy><visLineWeight>1</visLineWeight><visLineColor>0</visLineColor><visLinePattern>1</visLinePattern><visLineArrowSize>2</visLineArrowSize><visLineBeginArrow>0</visLineBeginArrow><visLineEndArrow>5</visLineEndArrow><visLineEndCap>0</visLineEndCap><visLineBeginArrowSize>2</visLineBeginArrowSize><visLineColorTrans>0%</visLineColorTrans><picPng>c27e0f1b-f17c-477f-9a1f-59f1dd2788db.svgz</picPng><picEmz>c27e0f1b-f17c-477f-9a1f-59f1dd2788db.png</picEmz><belongPage>2f37aab8-658a-475c-833e-1335b5a2b8dc</belongPage><Obj_maptype></Obj_maptype><Obj_belongwho></Obj_belongwho><Obj_remark></Obj_remark><Obj_db_id>c27e0f1b-f17c-477f-9a1f-59f1dd2788db</Obj_db_id><Obj_riskTypeStr></Obj_riskTypeStr><Obj_other1></Obj_other1><Obj_other2></Obj_other2><Obj_data1></Obj_data1><Obj_data2></Obj_data2><Obj_data3>c27e0f1b-f17c-477f-9a1f-59f1dd2788db</Obj_data3><lineType>1</lineType><lineType2>2</lineType2><isDel>0</isDel><linkPics></linkPics></Risk><Risk><id>672b0edb-7fb5-4812-8f64-5b23e75da5b2</id><projectId>710a167f-a2ed-4f26-a9e1-30d540c18276</projectId><objectId>285</objectId><title></title><positionX>1.800000000223110e+001</positionX><positionY>1.924695048373040e+001</positionY><width>4.577709062717430e-001</width><height>4.577709062717430e-001</height><isline>0</isline><picPng>f9ed55d1-cf54-4759-aaef-c4f501f4695c.svgz</picPng><picEmz>f9ed55d1-cf54-4759-aaef-c4f501f4695c.png</picEmz><belongPage>2f37aab8-658a-475c-833e-1335b5a2b8dc</belongPage><Obj_maptype>风险</Obj_maptype><Obj_belongwho></Obj_belongwho><Obj_remark>R02-d05-006</Obj_remark><Obj_db_id>f9ed55d1-cf54-4759-aaef-c4f501f4695c</Obj_db_id><Obj_riskTypeStr>威胁</Obj_riskTypeStr><Obj_other1>2b659996-6ba1-45fb-bf04-c0622ab956d1</Obj_other1><Obj_other2>人力资源法律风险</Obj_other2><Obj_data1></Obj_data1><Obj_data2></Obj_data2><Obj_data3>f9ed55d1-cf54-4759-aaef-c4f501f4695c</Obj_data3><lineType>0</lineType><lineType2>0</lineType2><isDel>0</isDel><linkPics></linkPics><cardPic>beb5c513-0d5d-4558-8459-6513d2d177ad.png</cardPic></Risk><Risk><id>7a3513b2-bdad-4e90-a944-9badd427a224</id><projectId>710a167f-a2ed-4f26-a9e1-30d540c18276</projectId><objectId>290</objectId><title></title><positionX>4.750000004386420e+000</positionX><positionY>1.472360681857520e+001</positionY><width>4.999999961009590e-001</width><height>4.999999961009590e-001</height><isline>0</isline><picPng>633f6037-2e4e-46ea-ba89-2bef53b7e8e9.svgz</picPng><picEmz>633f6037-2e4e-46ea-ba89-2bef53b7e8e9.png</picEmz><belongPage>2f37aab8-658a-475c-833e-1335b5a2b8dc</belongPage><Obj_maptype>风险</Obj_maptype><Obj_belongwho></Obj_belongwho><Obj_remark>R02-d05-011</Obj_remark><Obj_db_id>633f6037-2e4e-46ea-ba89-2bef53b7e8e9</Obj_db_id><Obj_riskTypeStr>威胁</Obj_riskTypeStr><Obj_other1>6d7c5785-644b-4090-880e-871a5eaa858b</Obj_other1><Obj_other2>本地化员工操作安全风险</Obj_other2><Obj_data1></Obj_data1><Obj_data2></Obj_data2><Obj_data3>633f6037-2e4e-46ea-ba89-2bef53b7e8e9</Obj_data3><lineType>0</lineType><lineType2>0</lineType2><isDel>0</isDel><linkPics></linkPics><cardPic>8f1651ce-d892-4de3-be4d-546884d12043.png</cardPic></Risk><Risk><id>7e0204ed-0738-4700-a90b-65b5f68589e4</id><projectId>710a167f-a2ed-4f26-a9e1-30d540c18276</projectId><objectId>202</objectId><title></title><positionX>2.118969166666670e+001</positionX><positionY>1.313388817950720e+001</positionY><width>4.053036666666660e+000</width><height>-2.279904350490220e+000</height><isline>1</isline><fromWho>127</fromWho><toWho>142</toWho><lineFromX>1.916317333333330e+001</lineFromX><lineFromy>1.427384035475230e+001</lineFromy><lineTox>2.321621000000000e+001</lineTox><lineToy>1.199393600426210e+001</lineToy><visLineWeight>1</visLineWeight><visLineColor>0</visLineColor><visLinePattern>1</visLinePattern><visLineArrowSize>2</visLineArrowSize><visLineBeginArrow>0</visLineBeginArrow><visLineEndArrow>5</visLineEndArrow><visLineEndCap>0</visLineEndCap><visLineBeginArrowSize>2</visLineBeginArrowSize><visLineColorTrans>0%</visLineColorTrans><picPng>b0844f3d-1d74-48ce-9adf-a01001c3b105.svgz</picPng><picEmz>b0844f3d-1d74-48ce-9adf-a01001c3b105.png</picEmz><belongPage>2f37aab8-658a-475c-833e-1335b5a2b8dc</belongPage><Obj_maptype></Obj_maptype><Obj_belongwho></Obj_belongwho><Obj_remark></Obj_remark><Obj_db_id>b0844f3d-1d74-48ce-9adf-a01001c3b105</Obj_db_id><Obj_riskTypeStr></Obj_riskTypeStr><Obj_other1></Obj_other1><Obj_other2></Obj_other2><Obj_data1></Obj_data1><Obj_data2></Obj_data2><Obj_data3>b0844f3d-1d74-48ce-9adf-a01001c3b105</Obj_data3><lineType>1</lineType><lineType2>2</lineType2><isDel>0</isDel><linkPics></linkPics></Risk><Risk><id>85d039cc-f80e-4721-9834-7ea32a83a28e</id><projectId>710a167f-a2ed-4f26-a9e1-30d540c18276</projectId><objectId>201</objectId><title>知识产权</title><positionX>8.494096666666669e+000</positionX><positionY>6.010575648949320e+000</positionY><width>1.988193333333340e+000</width><height>1.821151297898650e+000</height><isline>0</isline><picPng>f6bb9fd2-3886-4a60-b393-a23533fca7b4.svgz</picPng><picEmz>f6bb9fd2-3886-4a60-b393-a23533fca7b4.png</picEmz><belongPage>2f37aab8-658a-475c-833e-1335b5a2b8dc</belongPage><Obj_maptype>因素</Obj_maptype><Obj_belongwho>18c9257e-70a3-4462-83e8-1c3379c6620f</Obj_belongwho><Obj_remark>指产品、技术、原料等相关的知识产权</Obj_remark><Obj_db_id>f6bb9fd2-3886-4a60-b393-a23533fca7b4</Obj_db_id><Obj_riskTypeStr></Obj_riskTypeStr><Obj_other1></Obj_other1><Obj_other2></Obj_other2><Obj_data1></Obj_data1><Obj_data2></Obj_data2><Obj_data3>f6bb9fd2-3886-4a60-b393-a23533fca7b4</Obj_data3><lineType>0</lineType><lineType2>0</lineType2><isDel>0</isDel><linkPics></linkPics></Risk><Risk><id>87f1a4f8-42c6-4734-9b12-13e6c8e13d26</id><projectId>710a167f-a2ed-4f26-a9e1-30d540c18276</projectId><objectId>298</objectId><title></title><positionX>7.536050742912630e+000</positionX><positionY>6.410410203698390e+000</positionY><width>9.626765551782601e+000</width><height>0.000000000000000e+000</height><isline>1</isline><fromWho>283</fromWho><toWho>293</toWho><lineFromX>3.887540136382270e+000</lineFromX><lineFromy>9.550000001949520e+000</lineFromy><lineTox>1.118456134944300e+001</lineTox><lineToy>3.270820405447260e+000</lineToy><visLineWeight>1</visLineWeight><visLineColor>RGB(255, 0, 0)</visLineColor><visLinePattern>9</visLinePattern><visLineArrowSize>2</visLineArrowSize><visLineBeginArrow>0</visLineBeginArrow><visLineEndArrow>0</visLineEndArrow><visLineEndCap>0</visLineEndCap><visLineBeginArrowSize>2</visLineBeginArrowSize><visLineColorTrans>0%</visLineColorTrans><picPng>4750df25-716a-4834-8f1d-586deddc8d8c.svgz</picPng><picEmz>4750df25-716a-4834-8f1d-586deddc8d8c.png</picEmz><belongPage>2f37aab8-658a-475c-833e-1335b5a2b8dc</belongPage><Obj_maptype>相关性</Obj_maptype><Obj_belongwho></Obj_belongwho><Obj_remark></Obj_remark><Obj_db_id>4750df25-716a-4834-8f1d-586deddc8d8c</Obj_db_id><Obj_riskTypeStr></Obj_riskTypeStr><Obj_other1></Obj_other1><Obj_other2></Obj_other2><Obj_data1></Obj_data1><Obj_data2></Obj_data2><Obj_data3>4750df25-716a-4834-8f1d-586deddc8d8c</Obj_data3><lineType>0</lineType><lineType2>0</lineType2><isDel>0</isDel><linkPics></linkPics></Risk><Risk><id>8f126ef0-b9eb-4fb7-a6f2-eeee86915948</id><projectId>710a167f-a2ed-4f26-a9e1-30d540c18276</projectId><objectId>276</objectId><title>企业目标</title><positionX>2.462650333333330e+001</positionX><positionY>7.750000000000000e+000</positionY><width>2.246993333333330e+000</width><height>1.753484593456430e+000</height><isline>0</isline><picPng>92eca25a-b6bf-437e-89e5-5218cc0349d9.svgz</picPng><picEmz>92eca25a-b6bf-437e-89e5-5218cc0349d9.png</picEmz><belongPage>2f37aab8-658a-475c-833e-1335b5a2b8dc</belongPage><Obj_maptype>目标</Obj_maptype><Obj_belongwho>d33b5ae3-78df-4b9d-ad7f-f9d4d5e86009</Obj_belongwho><Obj_remark>包括财务、费用、运营、进度、质量、HSE、可持续发展等</Obj_remark><Obj_db_id>92eca25a-b6bf-437e-89e5-5218cc0349d9</Obj_db_id><Obj_riskTypeStr></Obj_riskTypeStr><Obj_other1></Obj_other1><Obj_other2></Obj_other2><Obj_data1></Obj_data1><Obj_data2></Obj_data2><Obj_data3>92eca25a-b6bf-437e-89e5-5218cc0349d9</Obj_data3><lineType>0</lineType><lineType2>0</lineType2><isDel>0</isDel><linkPics></linkPics></Risk><Risk><id>913bd851-4de5-4d00-8b8d-4e0b61b2b444</id><projectId>710a167f-a2ed-4f26-a9e1-30d540c18276</projectId><objectId>277</objectId><title></title><positionX>1.594038175694440e+001</positionX><positionY>9.275000000000000e+000</positionY><width>-3.980763513888890e+000</width><height>-4.850000000000000e+000</height><isline>1</isline><fromWho>82</fromWho><toWho>71</toWho><lineFromX>1.793076351388890e+001</lineFromX><lineFromy>1.170000000000000e+001</lineFromy><lineTox>1.395000000000000e+001</lineTox><lineToy>6.850000000000000e+000</lineToy><visLineWeight>1</visLineWeight><visLineColor>0</visLineColor><visLinePattern>1</visLinePattern><visLineArrowSize>2</visLineArrowSize><visLineBeginArrow>0</visLineBeginArrow><visLineEndArrow>5</visLineEndArrow><visLineEndCap>0</visLineEndCap><visLineBeginArrowSize>2</visLineBeginArrowSize><visLineColorTrans>0%</visLineColorTrans><picPng>2a41d749-9876-4c36-827a-d25c62bc3e7b.svgz</picPng><picEmz>2a41d749-9876-4c36-827a-d25c62bc3e7b.png</picEmz><belongPage>2f37aab8-658a-475c-833e-1335b5a2b8dc</belongPage><Obj_maptype></Obj_maptype><Obj_belongwho></Obj_belongwho><Obj_remark></Obj_remark><Obj_db_id>2a41d749-9876-4c36-827a-d25c62bc3e7b</Obj_db_id><Obj_riskTypeStr></Obj_riskTypeStr><Obj_other1></Obj_other1><Obj_other2></Obj_other2><Obj_data1></Obj_data1><Obj_data2></Obj_data2><Obj_data3>2a41d749-9876-4c36-827a-d25c62bc3e7b</Obj_data3><lineType>1</lineType><lineType2>2</lineType2><isDel>0</isDel><linkPics></linkPics></Risk><Risk><id>93f7b586-0dfd-45c0-848c-a46cf0fe8593</id><projectId>710a167f-a2ed-4f26-a9e1-30d540c18276</projectId><objectId>200</objectId><title></title><positionX>2.082294707287430e+001</positionX><positionY>1.132915483282680e+001</positionY><width>3.386525854251460e+000</width><height>-5.000000000000000e-001</height><isline>1</isline><fromWho>82</fromWho><toWho>142</toWho><lineFromX>1.912968414574850e+001</lineFromX><lineFromy>1.145830966565350e+001</lineFromy><lineTox>2.251621000000000e+001</lineTox><lineToy>1.120000000000000e+001</lineToy><visLineWeight>1</visLineWeight><visLineColor>0</visLineColor><visLinePattern>1</visLinePattern><visLineArrowSize>2</visLineArrowSize><visLineBeginArrow>0</visLineBeginArrow><visLineEndArrow>5</visLineEndArrow><visLineEndCap>0</visLineEndCap><visLineBeginArrowSize>2</visLineBeginArrowSize><visLineColorTrans>0%</visLineColorTrans><picPng>3a48180d-4b5a-4639-b1f5-37cbc1b4952f.svgz</picPng><picEmz>3a48180d-4b5a-4639-b1f5-37cbc1b4952f.png</picEmz><belongPage>2f37aab8-658a-475c-833e-1335b5a2b8dc</belongPage><Obj_maptype></Obj_maptype><Obj_belongwho></Obj_belongwho><Obj_remark></Obj_remark><Obj_db_id>3a48180d-4b5a-4639-b1f5-37cbc1b4952f</Obj_db_id><Obj_riskTypeStr></Obj_riskTypeStr><Obj_other1></Obj_other1><Obj_other2></Obj_other2><Obj_data1></Obj_data1><Obj_data2></Obj_data2><Obj_data3>3a48180d-4b5a-4639-b1f5-37cbc1b4952f</Obj_data3><lineType>1</lineType><lineType2>2</lineType2><isDel>0</isDel><linkPics></linkPics></Risk><Risk><id>941646df-9550-466b-83a4-568b1abce97b</id><projectId>710a167f-a2ed-4f26-a9e1-30d540c18276</projectId><objectId>292</objectId><title></title><positionX>1.350000000268060e+001</positionX><positionY>7.745967496318120e+000</positionY><width>5.499999961009610e-001</width><height>5.499999961009610e-001</height><isline>0</isline><picPng>61e4c23a-e3ae-42c3-bef9-a3eead3e6db1.svgz</picPng><picEmz>61e4c23a-e3ae-42c3-bef9-a3eead3e6db1.png</picEmz><belongPage>2f37aab8-658a-475c-833e-1335b5a2b8dc</belongPage><Obj_maptype>风险</Obj_maptype><Obj_belongwho></Obj_belongwho><Obj_remark>R02-d05-013</Obj_remark><Obj_db_id>61e4c23a-e3ae-42c3-bef9-a3eead3e6db1</Obj_db_id><Obj_riskTypeStr>威胁</Obj_riskTypeStr><Obj_other1>27d13036-583e-4eec-9db8-2e05700ba795</Obj_other1><Obj_other2>财务合规风险</Obj_other2><Obj_data1></Obj_data1><Obj_data2></Obj_data2><Obj_data3>61e4c23a-e3ae-42c3-bef9-a3eead3e6db1</Obj_data3><lineType>0</lineType><lineType2>0</lineType2><isDel>0</isDel><linkPics></linkPics><cardPic>4f2543a9-1b59-48b2-89ab-a488a8215912.png</cardPic></Risk><Risk><id>94b1cc57-d26c-4bab-9c8f-d5918ce98f95</id><projectId>710a167f-a2ed-4f26-a9e1-30d540c18276</projectId><objectId>295</objectId><title></title><positionX>1.222500000463010e+001</positionX><positionY>1.424596749631810e+001</positionY><width>5.499999961009600e-001</width><height>5.499999961009600e-001</height><isline>0</isline><picPng>2d628b79-1dab-4489-a60a-c476a84a0808.svgz</picPng><picEmz>2d628b79-1dab-4489-a60a-c476a84a0808.png</picEmz><belongPage>2f37aab8-658a-475c-833e-1335b5a2b8dc</belongPage><Obj_maptype>风险</Obj_maptype><Obj_belongwho></Obj_belongwho><Obj_remark>R02-d05-016</Obj_remark><Obj_db_id>2d628b79-1dab-4489-a60a-c476a84a0808</Obj_db_id><Obj_riskTypeStr>威胁</Obj_riskTypeStr><Obj_other1>13a18adc-085e-4a69-84de-96f6327d78d8</Obj_other1><Obj_other2>中方员工人身安全风险</Obj_other2><Obj_data1></Obj_data1><Obj_data2></Obj_data2><Obj_data3>2d628b79-1dab-4489-a60a-c476a84a0808</Obj_data3><lineType>0</lineType><lineType2>0</lineType2><isDel>0</isDel><linkPics></linkPics><cardPic>5aed7a68-aaca-4408-92d1-692a87f7d03c.png</cardPic></Risk><Risk><id>970f5ecc-097d-46cd-9be7-788be8bfc9a9</id><projectId>710a167f-a2ed-4f26-a9e1-30d540c18276</projectId><objectId>224</objectId><title></title><positionX>1.313360493399430e+001</positionX><positionY>1.255916034011730e+001</positionY><width>2.267209867988630e+000</width><height>-1.718649857027160e+000</height><isline>1</isline><fromWho>198</fromWho><toWho>129</toWho><lineFromX>1.200000000000000e+001</lineFromX><lineFromy>1.341848526863080e+001</lineFromy><lineTox>1.426720986798860e+001</lineTox><lineToy>1.169983541160370e+001</lineToy><visLineWeight>1</visLineWeight><visLineColor>0</visLineColor><visLinePattern>1</visLinePattern><visLineArrowSize>2</visLineArrowSize><visLineBeginArrow>0</visLineBeginArrow><visLineEndArrow>5</visLineEndArrow><visLineEndCap>0</visLineEndCap><visLineBeginArrowSize>2</visLineBeginArrowSize><visLineColorTrans>0%</visLineColorTrans><picPng>bd81b1bd-c13f-4e9c-97c3-455b2fb8309d.svgz</picPng><picEmz>bd81b1bd-c13f-4e9c-97c3-455b2fb8309d.png</picEmz><belongPage>2f37aab8-658a-475c-833e-1335b5a2b8dc</belongPage><Obj_maptype></Obj_maptype><Obj_belongwho></Obj_belongwho><Obj_remark></Obj_remark><Obj_db_id>bd81b1bd-c13f-4e9c-97c3-455b2fb8309d</Obj_db_id><Obj_riskTypeStr></Obj_riskTypeStr><Obj_other1></Obj_other1><Obj_other2></Obj_other2><Obj_data1></Obj_data1><Obj_data2></Obj_data2><Obj_data3>bd81b1bd-c13f-4e9c-97c3-455b2fb8309d</Obj_data3><lineType>1</lineType><lineType2>2</lineType2><isDel>0</isDel><linkPics></linkPics></Risk><Risk><id>98a22183-b496-45bc-b0fd-7380a8fe9d61</id><projectId>710a167f-a2ed-4f26-a9e1-30d540c18276</projectId><objectId>283</objectId><title></title><positionX>4.050000004386420e+000</positionX><positionY>9.773606816625660e+000</positionY><width>4.999999961009630e-001</width><height>4.999999961009630e-001</height><isline>0</isline><picPng>b1edbd0b-a11a-45cd-9a7a-ac9852ad7d86.svgz</picPng><picEmz>b1edbd0b-a11a-45cd-9a7a-ac9852ad7d86.png</picEmz><belongPage>2f37aab8-658a-475c-833e-1335b5a2b8dc</belongPage><Obj_maptype>风险</Obj_maptype><Obj_belongwho></Obj_belongwho><Obj_remark>R02-d-5-004</Obj_remark><Obj_db_id>b1edbd0b-a11a-45cd-9a7a-ac9852ad7d86</Obj_db_id><Obj_riskTypeStr>威胁</Obj_riskTypeStr><Obj_other1>48b296a4-85de-44f5-847e-4b3259cec1fa</Obj_other1><Obj_other2>合同法律风险</Obj_other2><Obj_data1></Obj_data1><Obj_data2></Obj_data2><Obj_data3>b1edbd0b-a11a-45cd-9a7a-ac9852ad7d86</Obj_data3><lineType>0</lineType><lineType2>0</lineType2><isDel>0</isDel><linkPics></linkPics><cardPic>c3df484c-8019-48b4-9918-43fe706bde68.png</cardPic></Risk><Risk><id>9aac0673-7322-4246-ad9e-0630c187535e</id><projectId>710a167f-a2ed-4f26-a9e1-30d540c18276</projectId><objectId>71</objectId><title>项目</title><positionX>1.300000000000000e+001</positionX><positionY>6.600000000000000e+000</positionY><width>2.500000000000000e+000</width><height>2.500000000000000e+000</height><isline>0</isline><picPng>27d13036-583e-4eec-9db8-2e05700ba795.svgz</picPng><picEmz>27d13036-583e-4eec-9db8-2e05700ba795.png</picEmz><belongPage>2f37aab8-658a-475c-833e-1335b5a2b8dc</belongPage><Obj_maptype>因素</Obj_maptype><Obj_belongwho>bde8b26a-9d20-4aa5-89f8-bdc94c2fd3b1</Obj_belongwho><Obj_remark>指各类项目</Obj_remark><Obj_db_id>27d13036-583e-4eec-9db8-2e05700ba795</Obj_db_id><Obj_riskTypeStr></Obj_riskTypeStr><Obj_other1></Obj_other1><Obj_other2></Obj_other2><Obj_data1></Obj_data1><Obj_data2></Obj_data2><Obj_data3>27d13036-583e-4eec-9db8-2e05700ba795</Obj_data3><lineType>0</lineType><lineType2>0</lineType2><isDel>0</isDel><linkPics></linkPics></Risk><Risk><id>9aed77f3-f53d-473e-8fbb-56bb4020151c</id><projectId>710a167f-a2ed-4f26-a9e1-30d540c18276</projectId><objectId>278</objectId><title></title><positionX>1.823310500000000e+001</positionX><positionY>8.800000000000001e+000</positionY><width>8.566210000000000e+000</width><height>4.800000000000010e+000</height><isline>1</isline><fromWho>71</fromWho><toWho>142</toWho><lineFromX>1.395000000000000e+001</lineFromX><lineFromy>6.400000000000000e+000</lineFromy><lineTox>2.251621000000000e+001</lineTox><lineToy>1.120000000000000e+001</lineToy><visLineWeight>1</visLineWeight><visLineColor>0</visLineColor><visLinePattern>1</visLinePattern><visLineArrowSize>2</visLineArrowSize><visLineBeginArrow>0</visLineBeginArrow><visLineEndArrow>5</visLineEndArrow><visLineEndCap>0</visLineEndCap><visLineBeginArrowSize>2</visLineBeginArrowSize><visLineColorTrans>0%</visLineColorTrans><picPng>c6d82945-da3a-4e97-9d8a-5ab7b70e6173.svgz</picPng><picEmz>c6d82945-da3a-4e97-9d8a-5ab7b70e6173.png</picEmz><belongPage>2f37aab8-658a-475c-833e-1335b5a2b8dc</belongPage><Obj_maptype></Obj_maptype><Obj_belongwho></Obj_belongwho><Obj_remark></Obj_remark><Obj_db_id>c6d82945-da3a-4e97-9d8a-5ab7b70e6173</Obj_db_id><Obj_riskTypeStr></Obj_riskTypeStr><Obj_other1></Obj_other1><Obj_other2></Obj_other2><Obj_data1></Obj_data1><Obj_data2></Obj_data2><Obj_data3>c6d82945-da3a-4e97-9d8a-5ab7b70e6173</Obj_data3><lineType>1</lineType><lineType2>2</lineType2><isDel>0</isDel><linkPics></linkPics></Risk><Risk><id>9f8ab811-bb34-489e-a20b-0cb82e972bb1</id><projectId>710a167f-a2ed-4f26-a9e1-30d540c18276</projectId><objectId>287</objectId><title></title><positionX>2.050000000257230e+001</positionX><positionY>1.520825543802910e+001</positionY><width>5.277709062717410e-001</width><height>5.277709062717410e-001</height><isline>0</isline><picPng>7ad5effe-aeef-4a03-b69f-454e0a2b101c.svgz</picPng><picEmz>7ad5effe-aeef-4a03-b69f-454e0a2b101c.png</picEmz><belongPage>2f37aab8-658a-475c-833e-1335b5a2b8dc</belongPage><Obj_maptype>风险</Obj_maptype><Obj_belongwho></Obj_belongwho><Obj_remark>R02-d05-008</Obj_remark><Obj_db_id>7ad5effe-aeef-4a03-b69f-454e0a2b101c</Obj_db_id><Obj_riskTypeStr>威胁</Obj_riskTypeStr><Obj_other1>0f7fbdfc-8886-44e3-955a-796bee4ed8fd</Obj_other1><Obj_other2>汇率风险</Obj_other2><Obj_data1></Obj_data1><Obj_data2></Obj_data2><Obj_data3>7ad5effe-aeef-4a03-b69f-454e0a2b101c</Obj_data3><lineType>0</lineType><lineType2>0</lineType2><isDel>0</isDel><linkPics></linkPics><cardPic>0ec15e5f-5188-429f-aa2e-2c697e690f1d.png</cardPic></Risk><Risk><id>9fc2df5b-eb89-4c49-9630-6cad81832363</id><projectId>710a167f-a2ed-4f26-a9e1-30d540c18276</projectId><objectId>273</objectId><title></title><positionX>1.340926125559660e+001</positionX><positionY>2.852867860448110e+000</positionY><width>3.218522511193120e+000</width><height>9.057357208962230e-001</height><isline>1</isline><fromWho>225</fromWho><toWho>143</toWho><lineFromX>1.180000000000000e+001</lineFromX><lineFromy>2.400000000000000e+000</lineFromy><lineTox>1.501852251119310e+001</lineTox><lineToy>3.305735720896220e+000</lineToy><visLineWeight>1</visLineWeight><visLineColor>0</visLineColor><visLinePattern>1</visLinePattern><visLineArrowSize>2</visLineArrowSize><visLineBeginArrow>0</visLineBeginArrow><visLineEndArrow>5</visLineEndArrow><visLineEndCap>0</visLineEndCap><visLineBeginArrowSize>2</visLineBeginArrowSize><visLineColorTrans>0%</visLineColorTrans><picPng>be679d65-fc4c-48d1-8c78-f3b9c0c7673b.svgz</picPng><picEmz>be679d65-fc4c-48d1-8c78-f3b9c0c7673b.png</picEmz><belongPage>2f37aab8-658a-475c-833e-1335b5a2b8dc</belongPage><Obj_maptype></Obj_maptype><Obj_belongwho></Obj_belongwho><Obj_remark></Obj_remark><Obj_db_id>be679d65-fc4c-48d1-8c78-f3b9c0c7673b</Obj_db_id><Obj_riskTypeStr></Obj_riskTypeStr><Obj_other1></Obj_other1><Obj_other2></Obj_other2><Obj_data1></Obj_data1><Obj_data2></Obj_data2><Obj_data3>be679d65-fc4c-48d1-8c78-f3b9c0c7673b</Obj_data3><lineType>1</lineType><lineType2>2</lineType2><isDel>0</isDel><linkPics></linkPics></Risk><Risk><id>a794cf50-760a-4695-a2b5-893687200b1f</id><projectId>710a167f-a2ed-4f26-a9e1-30d540c18276</projectId><objectId>268</objectId><title></title><positionX>1.209708236979170e+001</positionX><positionY>9.106455312500000e+000</positionY><width>9.058352604166520e-001</width><height>-3.112910625000000e+000</height><isline>1</isline><fromWho>237</fromWho><toWho>71</toWho><lineFromX>1.164416473958340e+001</lineFromX><lineFromy>1.066291062500000e+001</lineFromy><lineTox>1.255000000000000e+001</lineTox><lineToy>7.550000000000000e+000</lineToy><visLineWeight>1</visLineWeight><visLineColor>0</visLineColor><visLinePattern>1</visLinePattern><visLineArrowSize>2</visLineArrowSize><visLineBeginArrow>0</visLineBeginArrow><visLineEndArrow>5</visLineEndArrow><visLineEndCap>0</visLineEndCap><visLineBeginArrowSize>2</visLineBeginArrowSize><visLineColorTrans>0%</visLineColorTrans><picPng>81f62111-e4d9-451a-b674-0e6b69035d42.svgz</picPng><picEmz>81f62111-e4d9-451a-b674-0e6b69035d42.png</picEmz><belongPage>2f37aab8-658a-475c-833e-1335b5a2b8dc</belongPage><Obj_maptype></Obj_maptype><Obj_belongwho></Obj_belongwho><Obj_remark></Obj_remark><Obj_db_id>81f62111-e4d9-451a-b674-0e6b69035d42</Obj_db_id><Obj_riskTypeStr></Obj_riskTypeStr><Obj_other1></Obj_other1><Obj_other2></Obj_other2><Obj_data1></Obj_data1><Obj_data2></Obj_data2><Obj_data3>81f62111-e4d9-451a-b674-0e6b69035d42</Obj_data3><lineType>1</lineType><lineType2>2</lineType2><isDel>0</isDel><linkPics></linkPics></Risk><Risk><id>a7a09e90-bd36-45b0-bc18-35cf1b2cc9c0</id><projectId>710a167f-a2ed-4f26-a9e1-30d540c18276</projectId><objectId>204</objectId><title></title><positionX>1.893750000000000e+001</positionX><positionY>1.660000000000000e+001</positionY><width>5.000000000000000e-001</width><height>-3.000000000000000e+000</height><isline>1</isline><fromWho>2</fromWho><toWho>127</toWho><lineFromX>1.887500000000000e+001</lineFromX><lineFromy>1.810000000000000e+001</lineFromy><lineTox>1.900000000000000e+001</lineTox><lineToy>1.510000000000000e+001</lineToy><visLineWeight>1</visLineWeight><visLineColor>0</visLineColor><visLinePattern>1</visLinePattern><visLineArrowSize>2</visLineArrowSize><visLineBeginArrow>0</visLineBeginArrow><visLineEndArrow>5</visLineEndArrow><visLineEndCap>0</visLineEndCap><visLineBeginArrowSize>2</visLineBeginArrowSize><visLineColorTrans>0%</visLineColorTrans><picPng>73d62fa5-9e4d-4a19-8242-e5c412a3a375.svgz</picPng><picEmz>73d62fa5-9e4d-4a19-8242-e5c412a3a375.png</picEmz><belongPage>2f37aab8-658a-475c-833e-1335b5a2b8dc</belongPage><Obj_maptype></Obj_maptype><Obj_belongwho></Obj_belongwho><Obj_remark></Obj_remark><Obj_db_id>73d62fa5-9e4d-4a19-8242-e5c412a3a375</Obj_db_id><Obj_riskTypeStr></Obj_riskTypeStr><Obj_other1></Obj_other1><Obj_other2></Obj_other2><Obj_data1></Obj_data1><Obj_data2></Obj_data2><Obj_data3>73d62fa5-9e4d-4a19-8242-e5c412a3a375</Obj_data3><lineType>1</lineType><lineType2>2</lineType2><isDel>0</isDel><linkPics></linkPics></Risk><Risk><id>afa7dde2-9953-4c4f-94a4-a3736f534d3d</id><projectId>710a167f-a2ed-4f26-a9e1-30d540c18276</projectId><objectId>82</objectId><title>企业</title><positionX>1.860000000000000e+001</positionX><positionY>1.170000000000000e+001</positionY><width>2.200000000000000e+000</width><height>2.200000000000000e+000</height><isline>0</isline><picPng>06717084-a689-4fbd-931a-35cc84b5e7f8.svgz</picPng><picEmz>06717084-a689-4fbd-931a-35cc84b5e7f8.png</picEmz><belongPage>2f37aab8-658a-475c-833e-1335b5a2b8dc</belongPage><Obj_maptype>因素</Obj_maptype><Obj_belongwho>1e090193-efe2-474f-838a-d1b21e2fde7d</Obj_belongwho><Obj_remark>指公司、企业，包括母公司和子公司等</Obj_remark><Obj_db_id>06717084-a689-4fbd-931a-35cc84b5e7f8</Obj_db_id><Obj_riskTypeStr></Obj_riskTypeStr><Obj_other1></Obj_other1><Obj_other2></Obj_other2><Obj_data1></Obj_data1><Obj_data2></Obj_data2><Obj_data3>06717084-a689-4fbd-931a-35cc84b5e7f8</Obj_data3><lineType>0</lineType><lineType2>0</lineType2><isDel>0</isDel><linkPics></linkPics></Risk><Risk><id>b2eb0062-992a-4075-a39c-6049f26def0c</id><projectId>710a167f-a2ed-4f26-a9e1-30d540c18276</projectId><objectId>237</objectId><title>违规操作</title><positionX>1.087500000000000e+001</positionX><positionY>1.100000000000000e+001</positionY><width>1.750000000000000e+000</width><height>1.750000000000000e+000</height><isline>0</isline><picPng>59a2e349-4a15-4151-939a-162121c245a3.svgz</picPng><picEmz>59a2e349-4a15-4151-939a-162121c245a3.png</picEmz><belongPage>2f37aab8-658a-475c-833e-1335b5a2b8dc</belongPage><Obj_maptype></Obj_maptype><Obj_belongwho></Obj_belongwho><Obj_remark></Obj_remark><Obj_db_id>59a2e349-4a15-4151-939a-162121c245a3</Obj_db_id><Obj_riskTypeStr></Obj_riskTypeStr><Obj_other1></Obj_other1><Obj_other2></Obj_other2><Obj_data1></Obj_data1><Obj_data2></Obj_data2><Obj_data3>59a2e349-4a15-4151-939a-162121c245a3</Obj_data3><lineType>0</lineType><lineType2>0</lineType2><isDel>0</isDel><linkPics></linkPics></Risk><Risk><id>bb26df37-90b2-4627-91eb-1799fb33739f</id><projectId>710a167f-a2ed-4f26-a9e1-30d540c18276</projectId><objectId>286</objectId><title></title><positionX>1.875000000243690e+001</positionX><positionY>1.897360681641980e+001</positionY><width>5.000000000000010e-001</width><height>5.000000000000010e-001</height><isline>0</isline><picPng>2d1704fb-78b9-401d-957a-aff7d999cc73.svgz</picPng><picEmz>2d1704fb-78b9-401d-957a-aff7d999cc73.png</picEmz><belongPage>2f37aab8-658a-475c-833e-1335b5a2b8dc</belongPage><Obj_maptype>风险</Obj_maptype><Obj_belongwho></Obj_belongwho><Obj_remark>R02-d05-007</Obj_remark><Obj_db_id>2d1704fb-78b9-401d-957a-aff7d999cc73</Obj_db_id><Obj_riskTypeStr>威胁</Obj_riskTypeStr><Obj_other1>2b659996-6ba1-45fb-bf04-c0622ab956d1</Obj_other1><Obj_other2>政策法律不稳定份额贡献</Obj_other2><Obj_data1></Obj_data1><Obj_data2></Obj_data2><Obj_data3>2d1704fb-78b9-401d-957a-aff7d999cc73</Obj_data3><lineType>0</lineType><lineType2>0</lineType2><isDel>0</isDel><linkPics></linkPics><cardPic>7a07a010-685a-4816-8e42-b707deee8558.png</cardPic></Risk><Risk><id>c2462c38-ee21-47fe-abf6-f71f8d90474c</id><projectId>710a167f-a2ed-4f26-a9e1-30d540c18276</projectId><objectId>198</objectId><title>恐怖组织及犯罪团体</title><positionX>1.087500000000000e+001</positionX><positionY>1.374924263431540e+001</positionY><width>2.250000000000000e+000</width><height>1.498485268630850e+000</height><isline>0</isline><picPng>13a18adc-085e-4a69-84de-96f6327d78d8.svgz</picPng><picEmz>13a18adc-085e-4a69-84de-96f6327d78d8.png</picEmz><belongPage>2f37aab8-658a-475c-833e-1335b5a2b8dc</belongPage><Obj_maptype>因素</Obj_maptype><Obj_belongwho>406c0862-e844-46e3-b209-bd5738632fb2</Obj_belongwho><Obj_remark>从事恐怖行为的组织及犯罪团体</Obj_remark><Obj_db_id>13a18adc-085e-4a69-84de-96f6327d78d8</Obj_db_id><Obj_riskTypeStr></Obj_riskTypeStr><Obj_other1></Obj_other1><Obj_other2></Obj_other2><Obj_data1></Obj_data1><Obj_data2></Obj_data2><Obj_data3>13a18adc-085e-4a69-84de-96f6327d78d8</Obj_data3><lineType>0</lineType><lineType2>0</lineType2><isDel>0</isDel><linkPics>%e5%8d%b0%e5%b0%bc%e5%ae%97%e6%95%99.png|%e4%bd%9c%e4%b8%9a%e9%a3%8e%e9%99%a9.png</linkPics></Risk><Risk><id>c3723535-b51e-4baa-bb4d-a7749ba3cbe2</id><projectId>710a167f-a2ed-4f26-a9e1-30d540c18276</projectId><objectId>223</objectId><title></title><positionX>6.709542414117580e+000</positionX><positionY>1.628486379892100e+001</positionY><width>-1.683372996957310e+000</width><height>-3.498336477672500e+000</height><isline>1</isline><fromWho>205</fromWho><toWho>73</toWho><lineFromX>7.551228912596230e+000</lineFromX><lineFromy>1.803403203775730e+001</lineFromy><lineTox>5.867855915638920e+000</lineTox><lineToy>1.453569556008480e+001</lineToy><visLineWeight>1</visLineWeight><visLineColor>0</visLineColor><visLinePattern>1</visLinePattern><visLineArrowSize>2</visLineArrowSize><visLineBeginArrow>0</visLineBeginArrow><visLineEndArrow>5</visLineEndArrow><visLineEndCap>0</visLineEndCap><visLineBeginArrowSize>2</visLineBeginArrowSize><visLineColorTrans>0%</visLineColorTrans><picPng>048cb079-ec73-48d2-be6c-4bfad6c81aa1.svgz</picPng><picEmz>048cb079-ec73-48d2-be6c-4bfad6c81aa1.png</picEmz><belongPage>2f37aab8-658a-475c-833e-1335b5a2b8dc</belongPage><Obj_maptype></Obj_maptype><Obj_belongwho></Obj_belongwho><Obj_remark></Obj_remark><Obj_db_id>048cb079-ec73-48d2-be6c-4bfad6c81aa1</Obj_db_id><Obj_riskTypeStr></Obj_riskTypeStr><Obj_other1></Obj_other1><Obj_other2></Obj_other2><Obj_data1></Obj_data1><Obj_data2></Obj_data2><Obj_data3>048cb079-ec73-48d2-be6c-4bfad6c81aa1</Obj_data3><lineType>1</lineType><lineType2>2</lineType2><isDel>0</isDel><linkPics></linkPics></Risk><Risk><id>c9ac0694-88b0-4298-9436-883d7d130574</id><projectId>710a167f-a2ed-4f26-a9e1-30d540c18276</projectId><objectId>142</objectId><title>收益</title><positionX>2.310810500000000e+001</positionX><positionY>1.124696800213110e+001</positionY><width>1.783790000000000e+000</width><height>1.493936004262120e+000</height><isline>0</isline><picPng>d9721820-61be-42e6-a3ff-b1e3d9d8c202.svgz</picPng><picEmz>d9721820-61be-42e6-a3ff-b1e3d9d8c202.png</picEmz><belongPage>2f37aab8-658a-475c-833e-1335b5a2b8dc</belongPage><Obj_maptype>因素</Obj_maptype><Obj_belongwho>d420fcf6-d983-4fc0-ba25-5a7fda970af7</Obj_belongwho><Obj_remark>指各类活动的收益</Obj_remark><Obj_db_id>d9721820-61be-42e6-a3ff-b1e3d9d8c202</Obj_db_id><Obj_riskTypeStr></Obj_riskTypeStr><Obj_other1></Obj_other1><Obj_other2></Obj_other2><Obj_data1></Obj_data1><Obj_data2></Obj_data2><Obj_data3>d9721820-61be-42e6-a3ff-b1e3d9d8c202</Obj_data3><lineType>0</lineType><lineType2>0</lineType2><isDel>0</isDel><linkPics></linkPics></Risk><Risk><id>c9ff54a4-495c-44be-86b8-1a57b23fdf9c</id><projectId>710a167f-a2ed-4f26-a9e1-30d540c18276</projectId><objectId>282</objectId><title></title><positionX>1.684000000038990e+001</positionX><positionY>1.873466254591840e+001</positionY><width>4.799999961009640e-001</width><height>4.799999961009640e-001</height><isline>0</isline><picPng>2d80462c-ab4c-4789-9db8-7bd78e0e596f.svgz</picPng><picEmz>2d80462c-ab4c-4789-9db8-7bd78e0e596f.png</picEmz><belongPage>2f37aab8-658a-475c-833e-1335b5a2b8dc</belongPage><Obj_maptype>风险</Obj_maptype><Obj_belongwho></Obj_belongwho><Obj_remark>R02-d05-004</Obj_remark><Obj_db_id>2d80462c-ab4c-4789-9db8-7bd78e0e596f</Obj_db_id><Obj_riskTypeStr>威胁</Obj_riskTypeStr><Obj_other1>2b659996-6ba1-45fb-bf04-c0622ab956d1</Obj_other1><Obj_other2>法律法规风险</Obj_other2><Obj_data1></Obj_data1><Obj_data2></Obj_data2><Obj_data3>2d80462c-ab4c-4789-9db8-7bd78e0e596f</Obj_data3><lineType>0</lineType><lineType2>0</lineType2><isDel>0</isDel><linkPics></linkPics><cardPic>1d93f3ce-23ea-4cb7-a4f5-102813034e5c.png</cardPic></Risk><Risk><id>d05a1288-9912-4464-9bfc-cf52abc31120</id><projectId>710a167f-a2ed-4f26-a9e1-30d540c18276</projectId><objectId>127</objectId><title>汇率</title><positionX>1.983158666666670e+001</positionX><positionY>1.510000000000000e+001</positionY><width>1.663173333333340e+000</width><height>1.652319290495320e+000</height><isline>0</isline><picPng>0f7fbdfc-8886-44e3-955a-796bee4ed8fd.svgz</picPng><picEmz>0f7fbdfc-8886-44e3-955a-796bee4ed8fd.png</picEmz><belongPage>2f37aab8-658a-475c-833e-1335b5a2b8dc</belongPage><Obj_maptype>因素</Obj_maptype><Obj_belongwho>6da445c1-c092-4f13-810f-47dfb273937c</Obj_belongwho><Obj_remark>包括人民币、美元、欧元、英镑以及其他货币的价格比率</Obj_remark><Obj_db_id>0f7fbdfc-8886-44e3-955a-796bee4ed8fd</Obj_db_id><Obj_riskTypeStr></Obj_riskTypeStr><Obj_other1></Obj_other1><Obj_other2></Obj_other2><Obj_data1></Obj_data1><Obj_data2></Obj_data2><Obj_data3>0f7fbdfc-8886-44e3-955a-796bee4ed8fd</Obj_data3><lineType>0</lineType><lineType2>0</lineType2><isDel>0</isDel><linkPics>%e5%8d%b0%e5%b0%bc%e5%a4%96%e6%b1%87.png</linkPics></Risk><Risk><id>dc4923b1-67e4-454a-8d5d-653c6bfead78</id><projectId>710a167f-a2ed-4f26-a9e1-30d540c18276</projectId><objectId>205</objectId><title>政策法律</title><positionX>8.250000000000000e+000</positionX><positionY>1.760000000000000e+001</positionY><width>2.500000000000000e+000</width><height>2.500000000000000e+000</height><isline>0</isline><picPng>7b917c01-1887-4a0b-80ca-8f1fa7229751.svgz</picPng><picEmz>7b917c01-1887-4a0b-80ca-8f1fa7229751.png</picEmz><belongPage>2f37aab8-658a-475c-833e-1335b5a2b8dc</belongPage><Obj_maptype></Obj_maptype><Obj_belongwho></Obj_belongwho><Obj_remark></Obj_remark><Obj_db_id>7b917c01-1887-4a0b-80ca-8f1fa7229751</Obj_db_id><Obj_riskTypeStr></Obj_riskTypeStr><Obj_other1></Obj_other1><Obj_other2></Obj_other2><Obj_data1></Obj_data1><Obj_data2></Obj_data2><Obj_data3>7b917c01-1887-4a0b-80ca-8f1fa7229751</Obj_data3><lineType>0</lineType><lineType2>0</lineType2><isDel>0</isDel><linkPics></linkPics></Risk><Risk><id>dffbe337-8602-490b-a16d-37a0d57be826</id><projectId>710a167f-a2ed-4f26-a9e1-30d540c18276</projectId><objectId>294</objectId><title></title><positionX>1.600000000243690e+001</positionX><positionY>4.723606814676140e+000</positionY><width>4.999999961009610e-001</width><height>4.999999961009610e-001</height><isline>0</isline><picPng>f4bf0c5d-b34d-4ba4-b99d-d0e3a42b31e9.svgz</picPng><picEmz>f4bf0c5d-b34d-4ba4-b99d-d0e3a42b31e9.png</picEmz><belongPage>2f37aab8-658a-475c-833e-1335b5a2b8dc</belongPage><Obj_maptype>风险</Obj_maptype><Obj_belongwho></Obj_belongwho><Obj_remark>R02-d05-015</Obj_remark><Obj_db_id>f4bf0c5d-b34d-4ba4-b99d-d0e3a42b31e9</Obj_db_id><Obj_riskTypeStr>威胁</Obj_riskTypeStr><Obj_other1>9d5a0e1b-8692-4387-9c0f-6554b4d0ae38</Obj_other1><Obj_other2>存货变现风险</Obj_other2><Obj_data1></Obj_data1><Obj_data2></Obj_data2><Obj_data3>f4bf0c5d-b34d-4ba4-b99d-d0e3a42b31e9</Obj_data3><lineType>0</lineType><lineType2>0</lineType2><isDel>0</isDel><linkPics></linkPics><cardPic>e58fd045-d22c-41b4-afdc-0e8c8cc34906.png</cardPic></Risk><Risk><id>e25dd63a-01ad-4615-9e56-9916d15332c1</id><projectId>710a167f-a2ed-4f26-a9e1-30d540c18276</projectId><objectId>221</objectId><title></title><positionX>2.084892916666670e+001</positionX><positionY>1.714359943744750e+001</positionY><width>3.947858333333340e+000</width><height>-1.912801125104950e+000</height><isline>1</isline><fromWho>2</fromWho><toWho>128</toWho><lineFromX>1.887500000000000e+001</lineFromX><lineFromy>1.810000000000000e+001</lineFromy><lineTox>2.282285833333330e+001</lineTox><lineToy>1.618719887489500e+001</lineToy><visLineWeight>1</visLineWeight><visLineColor>0</visLineColor><visLinePattern>1</visLinePattern><visLineArrowSize>2</visLineArrowSize><visLineBeginArrow>0</visLineBeginArrow><visLineEndArrow>5</visLineEndArrow><visLineEndCap>0</visLineEndCap><visLineBeginArrowSize>2</visLineBeginArrowSize><visLineColorTrans>0%</visLineColorTrans><picPng>1ec4cee4-58c7-47de-af6f-962b41208592.svgz</picPng><picEmz>1ec4cee4-58c7-47de-af6f-962b41208592.png</picEmz><belongPage>2f37aab8-658a-475c-833e-1335b5a2b8dc</belongPage><Obj_maptype></Obj_maptype><Obj_belongwho></Obj_belongwho><Obj_remark></Obj_remark><Obj_db_id>1ec4cee4-58c7-47de-af6f-962b41208592</Obj_db_id><Obj_riskTypeStr></Obj_riskTypeStr><Obj_other1></Obj_other1><Obj_other2></Obj_other2><Obj_data1></Obj_data1><Obj_data2></Obj_data2><Obj_data3>1ec4cee4-58c7-47de-af6f-962b41208592</Obj_data3><lineType>1</lineType><lineType2>2</lineType2><isDel>0</isDel><linkPics></linkPics></Risk><Risk><id>e56e8ca6-aca9-439b-b4c7-0448b9ae1f62</id><projectId>710a167f-a2ed-4f26-a9e1-30d540c18276</projectId><objectId>288</objectId><title></title><positionX>2.000000000243690e+001</positionX><positionY>4.473606816625660e+000</positionY><width>4.999999961009660e-001</width><height>4.999999961009660e-001</height><isline>0</isline><picPng>b9c496ed-4232-44d2-977b-284706ec3bd6.svgz</picPng><picEmz>b9c496ed-4232-44d2-977b-284706ec3bd6.png</picEmz><belongPage>2f37aab8-658a-475c-833e-1335b5a2b8dc</belongPage><Obj_maptype>风险</Obj_maptype><Obj_belongwho></Obj_belongwho><Obj_remark>R02-d05-009</Obj_remark><Obj_db_id>b9c496ed-4232-44d2-977b-284706ec3bd6</Obj_db_id><Obj_riskTypeStr>威胁</Obj_riskTypeStr><Obj_other1>f4d8e94b-5e69-44a4-b946-fece6bf0897a</Obj_other1><Obj_other2>保险风险</Obj_other2><Obj_data1></Obj_data1><Obj_data2></Obj_data2><Obj_data3>b9c496ed-4232-44d2-977b-284706ec3bd6</Obj_data3><lineType>0</lineType><lineType2>0</lineType2><isDel>0</isDel><linkPics></linkPics><cardPic>06919034-7c11-4ee2-b2dc-39bec9046b31.png</cardPic></Risk><Risk><id>ecfcc904-7506-4e5d-a108-4538b1ee7e7f</id><projectId>710a167f-a2ed-4f26-a9e1-30d540c18276</projectId><objectId>203</objectId><title></title><positionX>2.385960833333330e+001</positionX><positionY>9.763371148364110e+000</positionY><width>5.000000000000000e-001</width><height>-2.273257703271790e+000</height><isline>1</isline><fromWho>142</fromWho><toWho>276</toWho><lineFromX>2.371621000000000e+001</lineFromX><lineFromy>1.090000000000000e+001</lineFromy><lineTox>2.400300666666670e+001</lineTox><lineToy>8.626742296728210e+000</lineToy><visLineWeight>1</visLineWeight><visLineColor>0</visLineColor><visLinePattern>1</visLinePattern><visLineArrowSize>2</visLineArrowSize><visLineBeginArrow>0</visLineBeginArrow><visLineEndArrow>5</visLineEndArrow><visLineEndCap>0</visLineEndCap><visLineBeginArrowSize>2</visLineBeginArrowSize><visLineColorTrans>0%</visLineColorTrans><picPng>b6625ac6-b46f-4dc2-bf33-1c71ddaad0c0.svgz</picPng><picEmz>b6625ac6-b46f-4dc2-bf33-1c71ddaad0c0.png</picEmz><belongPage>2f37aab8-658a-475c-833e-1335b5a2b8dc</belongPage><Obj_maptype></Obj_maptype><Obj_belongwho></Obj_belongwho><Obj_remark></Obj_remark><Obj_db_id>b6625ac6-b46f-4dc2-bf33-1c71ddaad0c0</Obj_db_id><Obj_riskTypeStr></Obj_riskTypeStr><Obj_other1></Obj_other1><Obj_other2></Obj_other2><Obj_data1></Obj_data1><Obj_data2></Obj_data2><Obj_data3>b6625ac6-b46f-4dc2-bf33-1c71ddaad0c0</Obj_data3><lineType>1</lineType><lineType2>2</lineType2><isDel>0</isDel><linkPics></linkPics></Risk><Risk><id>ee28b5fd-247f-4cdb-bc4a-b23bab6d2797</id><projectId>710a167f-a2ed-4f26-a9e1-30d540c18276</projectId><objectId>129</objectId><title>员工</title><positionX>1.450000000000000e+001</positionX><positionY>1.180000000000000e+001</positionY><width>9.999999999999990e-001</width><height>2.000000000000000e+000</height><isline>0</isline><picPng>50602934-e848-4c25-97de-29345f2a4d78.svgz</picPng><picEmz>50602934-e848-4c25-97de-29345f2a4d78.png</picEmz><belongPage>2f37aab8-658a-475c-833e-1335b5a2b8dc</belongPage><Obj_maptype>因素</Obj_maptype><Obj_belongwho>5d8e6bb4-6b05-4888-8fe4-a7a182970feb</Obj_belongwho><Obj_remark>企业自身的员工</Obj_remark><Obj_db_id>50602934-e848-4c25-97de-29345f2a4d78</Obj_db_id><Obj_riskTypeStr></Obj_riskTypeStr><Obj_other1></Obj_other1><Obj_other2></Obj_other2><Obj_data1></Obj_data1><Obj_data2></Obj_data2><Obj_data3>50602934-e848-4c25-97de-29345f2a4d78</Obj_data3><lineType>0</lineType><lineType2>0</lineType2><isDel>0</isDel><linkPics></linkPics></Risk><Risk><id>f3912bd9-9c2e-4e6a-b20b-de478fd2a344</id><projectId>710a167f-a2ed-4f26-a9e1-30d540c18276</projectId><objectId>24</objectId><title>外国公司</title><positionX>4.200000000000000e+000</positionX><positionY>8.100000000000000e+000</positionY><width>3.000000000000000e+000</width><height>3.000000000000000e+000</height><isline>0</isline><picPng>48b296a4-85de-44f5-847e-4b3259cec1fa.svgz</picPng><picEmz>48b296a4-85de-44f5-847e-4b3259cec1fa.png</picEmz><belongPage>2f37aab8-658a-475c-833e-1335b5a2b8dc</belongPage><Obj_maptype>因素</Obj_maptype><Obj_belongwho>ca6a0e1b-fae2-4738-b4c8-41d25f796636</Obj_belongwho><Obj_remark>指外国公司、企业、竞争者、合作商等</Obj_remark><Obj_db_id>48b296a4-85de-44f5-847e-4b3259cec1fa</Obj_db_id><Obj_riskTypeStr></Obj_riskTypeStr><Obj_other1></Obj_other1><Obj_other2></Obj_other2><Obj_data1></Obj_data1><Obj_data2></Obj_data2><Obj_data3>48b296a4-85de-44f5-847e-4b3259cec1fa</Obj_data3><lineType>0</lineType><lineType2>0</lineType2><isDel>0</isDel><linkPics></linkPics></Risk><Risk><id>f6c4e024-9f38-4cef-966f-17252f9f8cfe</id><projectId>710a167f-a2ed-4f26-a9e1-30d540c18276</projectId><objectId>143</objectId><title>库存</title><positionX>1.550000000000000e+001</positionX><positionY>3.766666666666670e+000</positionY><width>2.000000000000000e+000</width><height>2.333333333333340e+000</height><isline>0</isline><picPng>9d5a0e1b-8692-4387-9c0f-6554b4d0ae38.svgz</picPng><picEmz>9d5a0e1b-8692-4387-9c0f-6554b4d0ae38.png</picEmz><belongPage>2f37aab8-658a-475c-833e-1335b5a2b8dc</belongPage><Obj_maptype>因素</Obj_maptype><Obj_belongwho>156095b2-44a4-47fa-82a6-3a2432915f70</Obj_belongwho><Obj_remark>指原料、产品等相关的库存</Obj_remark><Obj_db_id>9d5a0e1b-8692-4387-9c0f-6554b4d0ae38</Obj_db_id><Obj_riskTypeStr></Obj_riskTypeStr><Obj_other1></Obj_other1><Obj_other2></Obj_other2><Obj_data1></Obj_data1><Obj_data2></Obj_data2><Obj_data3>9d5a0e1b-8692-4387-9c0f-6554b4d0ae38</Obj_data3><lineType>0</lineType><lineType2>0</lineType2><isDel>0</isDel><linkPics>%e8%b4%a2%e5%8a%a1%e9%a3%8e%e9%99%a9.png</linkPics></Risk><Risk><id>f967d709-bba2-4190-9261-4e7860ea34c1</id><projectId>710a167f-a2ed-4f26-a9e1-30d540c18276</projectId><objectId>279</objectId><title></title><positionX>5.250000004386420e+000</positionX><positionY>8.973606816625660e+000</positionY><width>4.999999961009590e-001</width><height>4.999999961009590e-001</height><isline>0</isline><picPng>3c8d14c7-8a2c-4e5f-b956-02868c5fb846.svgz</picPng><picEmz>3c8d14c7-8a2c-4e5f-b956-02868c5fb846.png</picEmz><belongPage>2f37aab8-658a-475c-833e-1335b5a2b8dc</belongPage><Obj_maptype>风险</Obj_maptype><Obj_belongwho></Obj_belongwho><Obj_remark>R02-d05-001</Obj_remark><Obj_db_id>3c8d14c7-8a2c-4e5f-b956-02868c5fb846</Obj_db_id><Obj_riskTypeStr>威胁</Obj_riskTypeStr><Obj_other1>48b296a4-85de-44f5-847e-4b3259cec1fa</Obj_other1><Obj_other2>业主信用风险</Obj_other2><Obj_data1></Obj_data1><Obj_data2></Obj_data2><Obj_data3>3c8d14c7-8a2c-4e5f-b956-02868c5fb846</Obj_data3><lineType>0</lineType><lineType2>0</lineType2><isDel>0</isDel><linkPics></linkPics><cardPic>0dda6b10-340c-4e50-b62a-539ca1d0175f.png</cardPic></Risk></UltraData>