﻿<?xml version="1.0" encoding="UTF-8"?><UltraData><Risk><projectId>710a167f-a2ed-4f26-a9e1-30d540c18276</projectId><matrix_title>威胁概率影响矩阵</matrix_title><matrix_x>05d778e7-53f3-487b-92a3-cb2c0be41e93</matrix_x><matrix_y>91270970-76d1-4826-a3d1-ba6d13115270</matrix_y><id>039f74c6-9100-4f09-ae9f-909b03d3427a</id><fatherid_matrix>f1820106-aa81-420b-8bbe-543adbbb2a19</fatherid_matrix><xIndex>3</xIndex><yIndex>1</yIndex><Color>-65536</Color><levelType>高</levelType></Risk><Risk><projectId>710a167f-a2ed-4f26-a9e1-30d540c18276</projectId><matrix_title>机会概率影响矩阵</matrix_title><matrix_x>c1a778b0-8176-42b9-9ed8-7c942f2af8e1</matrix_x><matrix_y>dea01836-7797-430b-a1ab-3dd20fde3533</matrix_y><id>0a05f315-ca58-4d22-b70a-8efa3771cf49</id><fatherid_matrix>578c0508-917a-41a3-8258-6d27fed10519</fatherid_matrix><xIndex>1</xIndex><yIndex>4</yIndex><Color>-16744448</Color><levelType>低</levelType></Risk><Risk><projectId>710a167f-a2ed-4f26-a9e1-30d540c18276</projectId><matrix_title>机会概率影响矩阵</matrix_title><matrix_x>c1a778b0-8176-42b9-9ed8-7c942f2af8e1</matrix_x><matrix_y>dea01836-7797-430b-a1ab-3dd20fde3533</matrix_y><id>0bb02598-538c-4b4c-ac76-61c234842950</id><fatherid_matrix>578c0508-917a-41a3-8258-6d27fed10519</fatherid_matrix><xIndex>1</xIndex><yIndex>1</yIndex><Color>-256</Color><levelType>中</levelType></Risk><Risk><projectId>710a167f-a2ed-4f26-a9e1-30d540c18276</projectId><matrix_title>威胁概率影响矩阵</matrix_title><matrix_x>05d778e7-53f3-487b-92a3-cb2c0be41e93</matrix_x><matrix_y>91270970-76d1-4826-a3d1-ba6d13115270</matrix_y><id>1b06bb24-659f-42b9-b10e-2775b2127067</id><fatherid_matrix>f1820106-aa81-420b-8bbe-543adbbb2a19</fatherid_matrix><xIndex>1</xIndex><yIndex>2</yIndex><Color>-256</Color><levelType>中</levelType></Risk><Risk><projectId>710a167f-a2ed-4f26-a9e1-30d540c18276</projectId><matrix_title>威胁概率影响矩阵</matrix_title><matrix_x>05d778e7-53f3-487b-92a3-cb2c0be41e93</matrix_x><matrix_y>91270970-76d1-4826-a3d1-ba6d13115270</matrix_y><id>1c0d9a3a-439c-4b36-9a3b-51386e7ab321</id><fatherid_matrix>f1820106-aa81-420b-8bbe-543adbbb2a19</fatherid_matrix><xIndex>3</xIndex><yIndex>2</yIndex><Color>-256</Color><levelType>中</levelType></Risk><Risk><projectId>710a167f-a2ed-4f26-a9e1-30d540c18276</projectId><matrix_title>机会概率影响矩阵</matrix_title><matrix_x>c1a778b0-8176-42b9-9ed8-7c942f2af8e1</matrix_x><matrix_y>dea01836-7797-430b-a1ab-3dd20fde3533</matrix_y><id>1c73aed8-b8ae-4ad8-9b5c-2f1a2e8249fa</id><fatherid_matrix>578c0508-917a-41a3-8258-6d27fed10519</fatherid_matrix><xIndex>3</xIndex><yIndex>0</yIndex><Color>-65536</Color><levelType>高</levelType></Risk><Risk><projectId>710a167f-a2ed-4f26-a9e1-30d540c18276</projectId><matrix_title>威胁概率影响矩阵</matrix_title><matrix_x>05d778e7-53f3-487b-92a3-cb2c0be41e93</matrix_x><matrix_y>91270970-76d1-4826-a3d1-ba6d13115270</matrix_y><id>2213b9fe-8de6-4979-87d4-0126a7c26864</id><fatherid_matrix>f1820106-aa81-420b-8bbe-543adbbb2a19</fatherid_matrix><xIndex>2</xIndex><yIndex>3</yIndex><Color>-256</Color><levelType>中</levelType></Risk><Risk><projectId>710a167f-a2ed-4f26-a9e1-30d540c18276</projectId><matrix_title>机会概率影响矩阵</matrix_title><matrix_x>c1a778b0-8176-42b9-9ed8-7c942f2af8e1</matrix_x><matrix_y>dea01836-7797-430b-a1ab-3dd20fde3533</matrix_y><id>23499302-f9f0-446e-85dc-a4d1b7998bae</id><fatherid_matrix>578c0508-917a-41a3-8258-6d27fed10519</fatherid_matrix><xIndex>4</xIndex><yIndex>0</yIndex><Color>-65536</Color><levelType>高</levelType></Risk><Risk><projectId>710a167f-a2ed-4f26-a9e1-30d540c18276</projectId><matrix_title>威胁概率影响矩阵</matrix_title><matrix_x>05d778e7-53f3-487b-92a3-cb2c0be41e93</matrix_x><matrix_y>91270970-76d1-4826-a3d1-ba6d13115270</matrix_y><id>28695d36-7954-46db-8ae8-ae10013553d5</id><fatherid_matrix>f1820106-aa81-420b-8bbe-543adbbb2a19</fatherid_matrix><xIndex>1</xIndex><yIndex>0</yIndex><Color>-256</Color><levelType>中</levelType></Risk><Risk><projectId>710a167f-a2ed-4f26-a9e1-30d540c18276</projectId><matrix_title>威胁概率影响矩阵</matrix_title><matrix_x>05d778e7-53f3-487b-92a3-cb2c0be41e93</matrix_x><matrix_y>91270970-76d1-4826-a3d1-ba6d13115270</matrix_y><id>2c5add50-7d58-43b4-9129-aee5482e5170</id><fatherid_matrix>f1820106-aa81-420b-8bbe-543adbbb2a19</fatherid_matrix><xIndex>1</xIndex><yIndex>1</yIndex><Color>-256</Color><levelType>中</levelType></Risk><Risk><projectId>710a167f-a2ed-4f26-a9e1-30d540c18276</projectId><matrix_title>威胁概率影响矩阵</matrix_title><matrix_x>05d778e7-53f3-487b-92a3-cb2c0be41e93</matrix_x><matrix_y>91270970-76d1-4826-a3d1-ba6d13115270</matrix_y><id>36ce0e93-570c-4161-8464-61667c86a7b2</id><fatherid_matrix>f1820106-aa81-420b-8bbe-543adbbb2a19</fatherid_matrix><xIndex>0</xIndex><yIndex>3</yIndex><Color>-16744448</Color><levelType>低</levelType></Risk><Risk><projectId>710a167f-a2ed-4f26-a9e1-30d540c18276</projectId><matrix_title>威胁概率影响矩阵</matrix_title><matrix_x>05d778e7-53f3-487b-92a3-cb2c0be41e93</matrix_x><matrix_y>91270970-76d1-4826-a3d1-ba6d13115270</matrix_y><id>38c1b630-56cc-41d5-9b93-ba0f4300c2b1</id><fatherid_matrix>f1820106-aa81-420b-8bbe-543adbbb2a19</fatherid_matrix><xIndex>3</xIndex><yIndex>3</yIndex><Color>-256</Color><levelType>中</levelType></Risk><Risk><projectId>710a167f-a2ed-4f26-a9e1-30d540c18276</projectId><matrix_title>威胁概率影响矩阵</matrix_title><matrix_x>05d778e7-53f3-487b-92a3-cb2c0be41e93</matrix_x><matrix_y>91270970-76d1-4826-a3d1-ba6d13115270</matrix_y><id>3bd8031b-63de-4811-8c0f-345cdabbf9c2</id><fatherid_matrix>f1820106-aa81-420b-8bbe-543adbbb2a19</fatherid_matrix><xIndex>4</xIndex><yIndex>1</yIndex><Color>-65536</Color><levelType>高</levelType></Risk><Risk><projectId>710a167f-a2ed-4f26-a9e1-30d540c18276</projectId><matrix_title>机会概率影响矩阵</matrix_title><matrix_x>c1a778b0-8176-42b9-9ed8-7c942f2af8e1</matrix_x><matrix_y>dea01836-7797-430b-a1ab-3dd20fde3533</matrix_y><id>4871c07b-6f90-4144-b342-bce5b8535ee2</id><fatherid_matrix>578c0508-917a-41a3-8258-6d27fed10519</fatherid_matrix><xIndex>2</xIndex><yIndex>1</yIndex><Color>-256</Color><levelType>中</levelType></Risk><Risk><projectId>710a167f-a2ed-4f26-a9e1-30d540c18276</projectId><matrix_title>机会概率影响矩阵</matrix_title><matrix_x>c1a778b0-8176-42b9-9ed8-7c942f2af8e1</matrix_x><matrix_y>dea01836-7797-430b-a1ab-3dd20fde3533</matrix_y><id>4a79da91-8e85-4566-b3ed-8eaec3cac2dd</id><fatherid_matrix>578c0508-917a-41a3-8258-6d27fed10519</fatherid_matrix><xIndex>0</xIndex><yIndex>3</yIndex><Color>-16744448</Color><levelType>低</levelType></Risk><Risk><projectId>710a167f-a2ed-4f26-a9e1-30d540c18276</projectId><matrix_title>机会概率影响矩阵</matrix_title><matrix_x>c1a778b0-8176-42b9-9ed8-7c942f2af8e1</matrix_x><matrix_y>dea01836-7797-430b-a1ab-3dd20fde3533</matrix_y><id>4ccd44cb-683c-4966-853b-bf5279fa6c3e</id><fatherid_matrix>578c0508-917a-41a3-8258-6d27fed10519</fatherid_matrix><xIndex>2</xIndex><yIndex>0</yIndex><Color>-65536</Color><levelType>高</levelType></Risk><Risk><projectId>710a167f-a2ed-4f26-a9e1-30d540c18276</projectId><matrix_title>威胁概率影响矩阵</matrix_title><matrix_x>05d778e7-53f3-487b-92a3-cb2c0be41e93</matrix_x><matrix_y>91270970-76d1-4826-a3d1-ba6d13115270</matrix_y><id>4d0a0928-5cdd-4cb7-8ebe-e6904d9db217</id><fatherid_matrix>f1820106-aa81-420b-8bbe-543adbbb2a19</fatherid_matrix><xIndex>2</xIndex><yIndex>0</yIndex><Color>-65536</Color><levelType>高</levelType></Risk><Risk><projectId>710a167f-a2ed-4f26-a9e1-30d540c18276</projectId><matrix_title>机会概率影响矩阵</matrix_title><matrix_x>c1a778b0-8176-42b9-9ed8-7c942f2af8e1</matrix_x><matrix_y>dea01836-7797-430b-a1ab-3dd20fde3533</matrix_y><id>4febe885-859d-4dea-b505-0069b28089cc</id><fatherid_matrix>578c0508-917a-41a3-8258-6d27fed10519</fatherid_matrix><xIndex>2</xIndex><yIndex>2</yIndex><Color>-256</Color><levelType>中</levelType></Risk><Risk><projectId>710a167f-a2ed-4f26-a9e1-30d540c18276</projectId><matrix_title>机会概率影响矩阵</matrix_title><matrix_x>c1a778b0-8176-42b9-9ed8-7c942f2af8e1</matrix_x><matrix_y>dea01836-7797-430b-a1ab-3dd20fde3533</matrix_y><id>5858bc06-a23a-4e24-a648-beba0be8f4f9</id><fatherid_matrix>578c0508-917a-41a3-8258-6d27fed10519</fatherid_matrix><xIndex>3</xIndex><yIndex>2</yIndex><Color>-256</Color><levelType>中</levelType></Risk><Risk><projectId>710a167f-a2ed-4f26-a9e1-30d540c18276</projectId><matrix_title>机会概率影响矩阵</matrix_title><matrix_x>c1a778b0-8176-42b9-9ed8-7c942f2af8e1</matrix_x><matrix_y>dea01836-7797-430b-a1ab-3dd20fde3533</matrix_y><id>5e2dbac0-02c6-4a00-8ecd-1f6e895f2df9</id><fatherid_matrix>578c0508-917a-41a3-8258-6d27fed10519</fatherid_matrix><xIndex>2</xIndex><yIndex>4</yIndex><Color>-16744448</Color><levelType>低</levelType></Risk><Risk><projectId>710a167f-a2ed-4f26-a9e1-30d540c18276</projectId><matrix_title>威胁概率影响矩阵</matrix_title><matrix_x>05d778e7-53f3-487b-92a3-cb2c0be41e93</matrix_x><matrix_y>91270970-76d1-4826-a3d1-ba6d13115270</matrix_y><id>5e376f97-b51f-4a53-bf7e-4e6cf5a767ca</id><fatherid_matrix>f1820106-aa81-420b-8bbe-543adbbb2a19</fatherid_matrix><xIndex>4</xIndex><yIndex>4</yIndex><Color>-65536</Color><levelType>高</levelType></Risk><Risk><projectId>710a167f-a2ed-4f26-a9e1-30d540c18276</projectId><matrix_title>威胁概率影响矩阵</matrix_title><matrix_x>05d778e7-53f3-487b-92a3-cb2c0be41e93</matrix_x><matrix_y>91270970-76d1-4826-a3d1-ba6d13115270</matrix_y><id>62b1abeb-4cca-404e-b6eb-f29bdb44b60b</id><fatherid_matrix>f1820106-aa81-420b-8bbe-543adbbb2a19</fatherid_matrix><xIndex>4</xIndex><yIndex>2</yIndex><Color>-65536</Color><levelType>高</levelType></Risk><Risk><projectId>710a167f-a2ed-4f26-a9e1-30d540c18276</projectId><matrix_title>机会概率影响矩阵</matrix_title><matrix_x>c1a778b0-8176-42b9-9ed8-7c942f2af8e1</matrix_x><matrix_y>dea01836-7797-430b-a1ab-3dd20fde3533</matrix_y><id>6c46eeb6-e244-48a3-85f6-69c79d2e3bbc</id><fatherid_matrix>578c0508-917a-41a3-8258-6d27fed10519</fatherid_matrix><xIndex>1</xIndex><yIndex>0</yIndex><Color>-256</Color><levelType>中</levelType></Risk><Risk><projectId>710a167f-a2ed-4f26-a9e1-30d540c18276</projectId><matrix_title>威胁概率影响矩阵</matrix_title><matrix_x>05d778e7-53f3-487b-92a3-cb2c0be41e93</matrix_x><matrix_y>91270970-76d1-4826-a3d1-ba6d13115270</matrix_y><id>754cb844-4c47-4e7b-8615-30b546a441e3</id><fatherid_matrix>f1820106-aa81-420b-8bbe-543adbbb2a19</fatherid_matrix><xIndex>1</xIndex><yIndex>4</yIndex><Color>-16744448</Color><levelType>低</levelType></Risk><Risk><projectId>710a167f-a2ed-4f26-a9e1-30d540c18276</projectId><matrix_title>机会概率影响矩阵</matrix_title><matrix_x>c1a778b0-8176-42b9-9ed8-7c942f2af8e1</matrix_x><matrix_y>dea01836-7797-430b-a1ab-3dd20fde3533</matrix_y><id>775b04d0-6cd4-4c4a-8bfb-f7131f0e2c0d</id><fatherid_matrix>578c0508-917a-41a3-8258-6d27fed10519</fatherid_matrix><xIndex>3</xIndex><yIndex>1</yIndex><Color>-65536</Color><levelType>高</levelType></Risk><Risk><projectId>710a167f-a2ed-4f26-a9e1-30d540c18276</projectId><matrix_title>机会概率影响矩阵</matrix_title><matrix_x>c1a778b0-8176-42b9-9ed8-7c942f2af8e1</matrix_x><matrix_y>dea01836-7797-430b-a1ab-3dd20fde3533</matrix_y><id>87f9dace-b3d0-4b00-9104-9045a6245081</id><fatherid_matrix>578c0508-917a-41a3-8258-6d27fed10519</fatherid_matrix><xIndex>1</xIndex><yIndex>3</yIndex><Color>-16744448</Color><levelType>低</levelType></Risk><Risk><projectId>710a167f-a2ed-4f26-a9e1-30d540c18276</projectId><matrix_title>威胁概率影响矩阵</matrix_title><matrix_x>05d778e7-53f3-487b-92a3-cb2c0be41e93</matrix_x><matrix_y>91270970-76d1-4826-a3d1-ba6d13115270</matrix_y><id>8f01734b-2d6c-4c1a-a46a-ea1344707ebe</id><fatherid_matrix>f1820106-aa81-420b-8bbe-543adbbb2a19</fatherid_matrix><xIndex>2</xIndex><yIndex>4</yIndex><Color>-16744448</Color><levelType>低</levelType></Risk><Risk><projectId>710a167f-a2ed-4f26-a9e1-30d540c18276</projectId><matrix_title>机会概率影响矩阵</matrix_title><matrix_x>c1a778b0-8176-42b9-9ed8-7c942f2af8e1</matrix_x><matrix_y>dea01836-7797-430b-a1ab-3dd20fde3533</matrix_y><id>90b9a1d8-b500-435c-ab2c-5d706a69d485</id><fatherid_matrix>578c0508-917a-41a3-8258-6d27fed10519</fatherid_matrix><xIndex>3</xIndex><yIndex>4</yIndex><Color>-256</Color><levelType>中</levelType></Risk><Risk><projectId>710a167f-a2ed-4f26-a9e1-30d540c18276</projectId><matrix_title>威胁概率影响矩阵</matrix_title><matrix_x>05d778e7-53f3-487b-92a3-cb2c0be41e93</matrix_x><matrix_y>91270970-76d1-4826-a3d1-ba6d13115270</matrix_y><id>99707c08-80f4-42c9-b269-360fe510992e</id><fatherid_matrix>f1820106-aa81-420b-8bbe-543adbbb2a19</fatherid_matrix><xIndex>3</xIndex><yIndex>0</yIndex><Color>-65536</Color><levelType>高</levelType></Risk><Risk><projectId>710a167f-a2ed-4f26-a9e1-30d540c18276</projectId><matrix_title>机会概率影响矩阵</matrix_title><matrix_x>c1a778b0-8176-42b9-9ed8-7c942f2af8e1</matrix_x><matrix_y>dea01836-7797-430b-a1ab-3dd20fde3533</matrix_y><id>9aead6d0-4160-4ae2-98a8-de6a799d8d0b</id><fatherid_matrix>578c0508-917a-41a3-8258-6d27fed10519</fatherid_matrix><xIndex>4</xIndex><yIndex>2</yIndex><Color>-65536</Color><levelType>高</levelType></Risk><Risk><projectId>710a167f-a2ed-4f26-a9e1-30d540c18276</projectId><matrix_title>威胁概率影响矩阵</matrix_title><matrix_x>05d778e7-53f3-487b-92a3-cb2c0be41e93</matrix_x><matrix_y>91270970-76d1-4826-a3d1-ba6d13115270</matrix_y><id>9c52ead9-cd81-49c0-85a0-085598e6fb1b</id><fatherid_matrix>f1820106-aa81-420b-8bbe-543adbbb2a19</fatherid_matrix><xIndex>3</xIndex><yIndex>4</yIndex><Color>-256</Color><levelType>中</levelType></Risk><Risk><projectId>710a167f-a2ed-4f26-a9e1-30d540c18276</projectId><matrix_title>机会概率影响矩阵</matrix_title><matrix_x>c1a778b0-8176-42b9-9ed8-7c942f2af8e1</matrix_x><matrix_y>dea01836-7797-430b-a1ab-3dd20fde3533</matrix_y><id>9cc9e517-9690-4f7b-a200-3cac1eaf9d65</id><fatherid_matrix>578c0508-917a-41a3-8258-6d27fed10519</fatherid_matrix><xIndex>4</xIndex><yIndex>1</yIndex><Color>-65536</Color><levelType>高</levelType></Risk><Risk><projectId>710a167f-a2ed-4f26-a9e1-30d540c18276</projectId><matrix_title>威胁概率影响矩阵</matrix_title><matrix_x>05d778e7-53f3-487b-92a3-cb2c0be41e93</matrix_x><matrix_y>91270970-76d1-4826-a3d1-ba6d13115270</matrix_y><id>a10a4468-0da8-4e7a-a3ef-4c7e26e16fae</id><fatherid_matrix>f1820106-aa81-420b-8bbe-543adbbb2a19</fatherid_matrix><xIndex>4</xIndex><yIndex>3</yIndex><Color>-65536</Color><levelType>高</levelType></Risk><Risk><projectId>710a167f-a2ed-4f26-a9e1-30d540c18276</projectId><matrix_title>机会概率影响矩阵</matrix_title><matrix_x>c1a778b0-8176-42b9-9ed8-7c942f2af8e1</matrix_x><matrix_y>dea01836-7797-430b-a1ab-3dd20fde3533</matrix_y><id>a3109b11-a3ad-46e4-a14e-c0726828bdb8</id><fatherid_matrix>578c0508-917a-41a3-8258-6d27fed10519</fatherid_matrix><xIndex>0</xIndex><yIndex>1</yIndex><Color>-256</Color><levelType>中</levelType></Risk><Risk><projectId>710a167f-a2ed-4f26-a9e1-30d540c18276</projectId><matrix_title>机会概率影响矩阵</matrix_title><matrix_x>c1a778b0-8176-42b9-9ed8-7c942f2af8e1</matrix_x><matrix_y>dea01836-7797-430b-a1ab-3dd20fde3533</matrix_y><id>a82b5c98-5c4c-413f-a886-1bb935c3306e</id><fatherid_matrix>578c0508-917a-41a3-8258-6d27fed10519</fatherid_matrix><xIndex>0</xIndex><yIndex>0</yIndex><Color>-256</Color><levelType>中</levelType></Risk><Risk><projectId>710a167f-a2ed-4f26-a9e1-30d540c18276</projectId><matrix_title>机会概率影响矩阵</matrix_title><matrix_x>c1a778b0-8176-42b9-9ed8-7c942f2af8e1</matrix_x><matrix_y>dea01836-7797-430b-a1ab-3dd20fde3533</matrix_y><id>b1db64d4-b89b-4545-a53f-12c2ccd299ef</id><fatherid_matrix>578c0508-917a-41a3-8258-6d27fed10519</fatherid_matrix><xIndex>1</xIndex><yIndex>2</yIndex><Color>-256</Color><levelType>中</levelType></Risk><Risk><projectId>710a167f-a2ed-4f26-a9e1-30d540c18276</projectId><matrix_title>机会概率影响矩阵</matrix_title><matrix_x>c1a778b0-8176-42b9-9ed8-7c942f2af8e1</matrix_x><matrix_y>dea01836-7797-430b-a1ab-3dd20fde3533</matrix_y><id>b50c05f1-9041-4d84-ac9a-59f63c8a6c77</id><fatherid_matrix>578c0508-917a-41a3-8258-6d27fed10519</fatherid_matrix><xIndex>0</xIndex><yIndex>4</yIndex><Color>-16744448</Color><levelType>低</levelType></Risk><Risk><projectId>710a167f-a2ed-4f26-a9e1-30d540c18276</projectId><matrix_title>机会概率影响矩阵</matrix_title><matrix_x>c1a778b0-8176-42b9-9ed8-7c942f2af8e1</matrix_x><matrix_y>dea01836-7797-430b-a1ab-3dd20fde3533</matrix_y><id>b66b3fc8-5806-4edb-8d6c-829e1cf5e217</id><fatherid_matrix>578c0508-917a-41a3-8258-6d27fed10519</fatherid_matrix><xIndex>4</xIndex><yIndex>4</yIndex><Color>-65536</Color><levelType>高</levelType></Risk><Risk><projectId>710a167f-a2ed-4f26-a9e1-30d540c18276</projectId><matrix_title>威胁概率影响矩阵</matrix_title><matrix_x>05d778e7-53f3-487b-92a3-cb2c0be41e93</matrix_x><matrix_y>91270970-76d1-4826-a3d1-ba6d13115270</matrix_y><id>bb2c8206-5399-4dcf-b96e-624ac1be106a</id><fatherid_matrix>f1820106-aa81-420b-8bbe-543adbbb2a19</fatherid_matrix><xIndex>0</xIndex><yIndex>4</yIndex><Color>-16744448</Color><levelType>低</levelType></Risk><Risk><projectId>710a167f-a2ed-4f26-a9e1-30d540c18276</projectId><matrix_title>威胁概率影响矩阵</matrix_title><matrix_x>05d778e7-53f3-487b-92a3-cb2c0be41e93</matrix_x><matrix_y>91270970-76d1-4826-a3d1-ba6d13115270</matrix_y><id>bb2f0289-2d17-45d4-ab4d-dbe0da89a71b</id><fatherid_matrix>f1820106-aa81-420b-8bbe-543adbbb2a19</fatherid_matrix><xIndex>0</xIndex><yIndex>1</yIndex><Color>-256</Color><levelType>中</levelType></Risk><Risk><projectId>710a167f-a2ed-4f26-a9e1-30d540c18276</projectId><matrix_title>机会概率影响矩阵</matrix_title><matrix_x>c1a778b0-8176-42b9-9ed8-7c942f2af8e1</matrix_x><matrix_y>dea01836-7797-430b-a1ab-3dd20fde3533</matrix_y><id>bf1a5d3f-c805-4667-b1bc-a9ea9e8eea72</id><fatherid_matrix>578c0508-917a-41a3-8258-6d27fed10519</fatherid_matrix><xIndex>2</xIndex><yIndex>3</yIndex><Color>-256</Color><levelType>中</levelType></Risk><Risk><projectId>710a167f-a2ed-4f26-a9e1-30d540c18276</projectId><matrix_title>威胁概率影响矩阵</matrix_title><matrix_x>05d778e7-53f3-487b-92a3-cb2c0be41e93</matrix_x><matrix_y>91270970-76d1-4826-a3d1-ba6d13115270</matrix_y><id>d4d48985-f5ea-4afc-a079-de4f34aaf2da</id><fatherid_matrix>f1820106-aa81-420b-8bbe-543adbbb2a19</fatherid_matrix><xIndex>2</xIndex><yIndex>1</yIndex><Color>-256</Color><levelType>中</levelType></Risk><Risk><projectId>710a167f-a2ed-4f26-a9e1-30d540c18276</projectId><matrix_title>机会概率影响矩阵</matrix_title><matrix_x>c1a778b0-8176-42b9-9ed8-7c942f2af8e1</matrix_x><matrix_y>dea01836-7797-430b-a1ab-3dd20fde3533</matrix_y><id>d84b2671-a1bf-49ac-91dc-e94688a02e0f</id><fatherid_matrix>578c0508-917a-41a3-8258-6d27fed10519</fatherid_matrix><xIndex>3</xIndex><yIndex>3</yIndex><Color>-256</Color><levelType>中</levelType></Risk><Risk><projectId>710a167f-a2ed-4f26-a9e1-30d540c18276</projectId><matrix_title>威胁概率影响矩阵</matrix_title><matrix_x>05d778e7-53f3-487b-92a3-cb2c0be41e93</matrix_x><matrix_y>91270970-76d1-4826-a3d1-ba6d13115270</matrix_y><id>db7735e0-2d67-4868-9c8f-841b13e08995</id><fatherid_matrix>f1820106-aa81-420b-8bbe-543adbbb2a19</fatherid_matrix><xIndex>1</xIndex><yIndex>3</yIndex><Color>-16744448</Color><levelType>低</levelType></Risk><Risk><projectId>710a167f-a2ed-4f26-a9e1-30d540c18276</projectId><matrix_title>威胁概率影响矩阵</matrix_title><matrix_x>05d778e7-53f3-487b-92a3-cb2c0be41e93</matrix_x><matrix_y>91270970-76d1-4826-a3d1-ba6d13115270</matrix_y><id>dd49daaa-df27-4142-9b43-9e8cdbef5209</id><fatherid_matrix>f1820106-aa81-420b-8bbe-543adbbb2a19</fatherid_matrix><xIndex>2</xIndex><yIndex>2</yIndex><Color>-256</Color><levelType>中</levelType></Risk><Risk><projectId>710a167f-a2ed-4f26-a9e1-30d540c18276</projectId><matrix_title>威胁概率影响矩阵</matrix_title><matrix_x>05d778e7-53f3-487b-92a3-cb2c0be41e93</matrix_x><matrix_y>91270970-76d1-4826-a3d1-ba6d13115270</matrix_y><id>ddb252ae-4c50-42d2-941c-49ab38b82262</id><fatherid_matrix>f1820106-aa81-420b-8bbe-543adbbb2a19</fatherid_matrix><xIndex>0</xIndex><yIndex>2</yIndex><Color>-16744448</Color><levelType>低</levelType></Risk><Risk><projectId>710a167f-a2ed-4f26-a9e1-30d540c18276</projectId><matrix_title>威胁概率影响矩阵</matrix_title><matrix_x>05d778e7-53f3-487b-92a3-cb2c0be41e93</matrix_x><matrix_y>91270970-76d1-4826-a3d1-ba6d13115270</matrix_y><id>f1a6b78b-9fb1-424a-9bc3-52ec188573d7</id><fatherid_matrix>f1820106-aa81-420b-8bbe-543adbbb2a19</fatherid_matrix><xIndex>0</xIndex><yIndex>0</yIndex><Color>-256</Color><levelType>中</levelType></Risk><Risk><projectId>710a167f-a2ed-4f26-a9e1-30d540c18276</projectId><matrix_title>威胁概率影响矩阵</matrix_title><matrix_x>05d778e7-53f3-487b-92a3-cb2c0be41e93</matrix_x><matrix_y>91270970-76d1-4826-a3d1-ba6d13115270</matrix_y><id>f717eecc-9973-4581-ad7a-37bfee2181eb</id><fatherid_matrix>f1820106-aa81-420b-8bbe-543adbbb2a19</fatherid_matrix><xIndex>4</xIndex><yIndex>0</yIndex><Color>-65536</Color><levelType>高</levelType></Risk><Risk><projectId>710a167f-a2ed-4f26-a9e1-30d540c18276</projectId><matrix_title>机会概率影响矩阵</matrix_title><matrix_x>c1a778b0-8176-42b9-9ed8-7c942f2af8e1</matrix_x><matrix_y>dea01836-7797-430b-a1ab-3dd20fde3533</matrix_y><id>fa4ab004-7c14-41af-ab7d-cbbab61eda73</id><fatherid_matrix>578c0508-917a-41a3-8258-6d27fed10519</fatherid_matrix><xIndex>0</xIndex><yIndex>2</yIndex><Color>-16744448</Color><levelType>低</levelType></Risk><Risk><projectId>710a167f-a2ed-4f26-a9e1-30d540c18276</projectId><matrix_title>机会概率影响矩阵</matrix_title><matrix_x>c1a778b0-8176-42b9-9ed8-7c942f2af8e1</matrix_x><matrix_y>dea01836-7797-430b-a1ab-3dd20fde3533</matrix_y><id>ff146e2e-640d-49f6-ba05-ebcd21818746</id><fatherid_matrix>578c0508-917a-41a3-8258-6d27fed10519</fatherid_matrix><xIndex>4</xIndex><yIndex>3</yIndex><Color>-65536</Color><levelType>高</levelType></Risk></UltraData>