﻿<?xml version="1.0" encoding="UTF-8"?><UltraData><Risk><id>084a38ca-ca0e-46c5-b4ab-536ee326f66f</id><projectid>710a167f-a2ed-4f26-a9e1-30d540c18276</projectid><riskFrom>7ad5effe-aeef-4a03-b69f-454e0a2b101c</riskFrom><riskTo>64dfccac-bdb0-443a-9a55-f7b0f525b1e3</riskTo><relationRemark>受外部经济环境影响</relationRemark></Risk><Risk><id>4750df25-716a-4834-8f1d-586deddc8d8c</id><projectid>710a167f-a2ed-4f26-a9e1-30d540c18276</projectid><riskFrom>b1edbd0b-a11a-45cd-9a7a-ac9852ad7d86</riskFrom><riskTo>b5cfaa56-5258-4186-a984-2e0fc3fc6d30</riskTo><relationRemark>都具有合同法律和信用风险特征</relationRemark></Risk><Risk><id>e5778562-a5a6-4aec-bb59-f8e07b6d8c61</id><projectid>710a167f-a2ed-4f26-a9e1-30d540c18276</projectid><riskFrom>3c8d14c7-8a2c-4e5f-b956-02868c5fb846</riskFrom><riskTo>b1edbd0b-a11a-45cd-9a7a-ac9852ad7d86</riskTo><relationRemark>与合同签订和执行有密切关系</relationRemark></Risk></UltraData>