﻿<?xml version="1.0" encoding="UTF-8"?><UltraData><Risk><id>011d2487-3ed0-4aec-be0e-405c69c5e0bc</id><riskId>2d1704fb-78b9-401d-957a-aff7d999cc73</riskId><targetId>92eca25a-b6bf-437e-89e5-5218cc0349d9</targetId><projectId>710a167f-a2ed-4f26-a9e1-30d540c18276</projectId></Risk><Risk><id>06932df0-d1bd-4b6e-b0af-eaae97ef7d80</id><riskId>f4bf0c5d-b34d-4ba4-b99d-d0e3a42b31e9</riskId><targetId>92eca25a-b6bf-437e-89e5-5218cc0349d9</targetId><projectId>710a167f-a2ed-4f26-a9e1-30d540c18276</projectId></Risk><Risk><id>1f5a82f2-6abf-4c38-a4f1-b01d41cc4a46</id><riskId>633f6037-2e4e-46ea-ba89-2bef53b7e8e9</riskId><targetId>92eca25a-b6bf-437e-89e5-5218cc0349d9</targetId><projectId>710a167f-a2ed-4f26-a9e1-30d540c18276</projectId></Risk><Risk><id>49033505-60b9-4a66-9efd-a4c03f058849</id><riskId>f9ed55d1-cf54-4759-aaef-c4f501f4695c</riskId><targetId>92eca25a-b6bf-437e-89e5-5218cc0349d9</targetId><projectId>710a167f-a2ed-4f26-a9e1-30d540c18276</projectId></Risk><Risk><id>4cfb09c8-718f-4e88-95aa-44aeb4544989</id><riskId>7ad5effe-aeef-4a03-b69f-454e0a2b101c</riskId><targetId>92eca25a-b6bf-437e-89e5-5218cc0349d9</targetId><projectId>710a167f-a2ed-4f26-a9e1-30d540c18276</projectId></Risk><Risk><id>53c43e2e-c984-4286-8399-daa0b2c06e32</id><riskId>2d628b79-1dab-4489-a60a-c476a84a0808</riskId><targetId>92eca25a-b6bf-437e-89e5-5218cc0349d9</targetId><projectId>710a167f-a2ed-4f26-a9e1-30d540c18276</projectId></Risk><Risk><id>622fc1ed-5460-47f6-b7d4-3964bc6bd389</id><riskId>b9c496ed-4232-44d2-977b-284706ec3bd6</riskId><targetId>92eca25a-b6bf-437e-89e5-5218cc0349d9</targetId><projectId>710a167f-a2ed-4f26-a9e1-30d540c18276</projectId></Risk><Risk><id>6a3649aa-4147-4319-91c6-20566bc0469c</id><riskId>64dfccac-bdb0-443a-9a55-f7b0f525b1e3</riskId><targetId>92eca25a-b6bf-437e-89e5-5218cc0349d9</targetId><projectId>710a167f-a2ed-4f26-a9e1-30d540c18276</projectId></Risk><Risk><id>87443c1c-a538-44e6-84f1-904d33b3069d</id><riskId>b1edbd0b-a11a-45cd-9a7a-ac9852ad7d86</riskId><targetId>92eca25a-b6bf-437e-89e5-5218cc0349d9</targetId><projectId>710a167f-a2ed-4f26-a9e1-30d540c18276</projectId></Risk><Risk><id>92df6da9-e662-4881-aba2-a303fc23294f</id><riskId>d18b002c-0253-458b-87ec-e6ec2539ed98</riskId><targetId>92eca25a-b6bf-437e-89e5-5218cc0349d9</targetId><projectId>710a167f-a2ed-4f26-a9e1-30d540c18276</projectId></Risk><Risk><id>9a1312f2-0d7d-41b0-82a7-e1b0a49b5157</id><riskId>70e299cc-e549-43ca-8a87-ad0e4a0abf77</riskId><targetId>92eca25a-b6bf-437e-89e5-5218cc0349d9</targetId><projectId>710a167f-a2ed-4f26-a9e1-30d540c18276</projectId></Risk><Risk><id>a1ebd955-a57f-42b7-a118-f17e013b5bae</id><riskId>3c8d14c7-8a2c-4e5f-b956-02868c5fb846</riskId><targetId>92eca25a-b6bf-437e-89e5-5218cc0349d9</targetId><projectId>710a167f-a2ed-4f26-a9e1-30d540c18276</projectId></Risk><Risk><id>aabf2f57-30b0-4be0-a7f6-2dead9b8af0e</id><riskId>b5cfaa56-5258-4186-a984-2e0fc3fc6d30</riskId><targetId>92eca25a-b6bf-437e-89e5-5218cc0349d9</targetId><projectId>710a167f-a2ed-4f26-a9e1-30d540c18276</projectId></Risk><Risk><id>b90e3fa3-9aa4-412e-bcc4-2fbbc10087d7</id><riskId>d026f073-85b4-40f6-adcb-ecf0baeee495</riskId><targetId>92eca25a-b6bf-437e-89e5-5218cc0349d9</targetId><projectId>710a167f-a2ed-4f26-a9e1-30d540c18276</projectId></Risk><Risk><id>be889c35-d0a4-4d3b-b91f-98b1f851f319</id><riskId>2d80462c-ab4c-4789-9db8-7bd78e0e596f</riskId><targetId>92eca25a-b6bf-437e-89e5-5218cc0349d9</targetId><projectId>710a167f-a2ed-4f26-a9e1-30d540c18276</projectId></Risk><Risk><id>d7878a03-94ef-42ad-aa91-322233adf368</id><riskId>61e4c23a-e3ae-42c3-bef9-a3eead3e6db1</riskId><targetId>92eca25a-b6bf-437e-89e5-5218cc0349d9</targetId><projectId>710a167f-a2ed-4f26-a9e1-30d540c18276</projectId></Risk></UltraData>