﻿<?xml version="1.0" encoding="UTF-8"?><UltraData><Risk><id>031da1aa-a9f9-4129-a752-bc54604fbc1a</id><riskId>2d1704fb-78b9-401d-957a-aff7d999cc73</riskId><title>较频繁改变政策和法律法规</title><remark>所在地政府或监管机构改变政策和法律法规的次数较为频繁</remark><belongWho>e8f2cd53-3d6a-4de8-9e82-169869482a57</belongWho><projectId>710a167f-a2ed-4f26-a9e1-30d540c18276</projectId></Risk><Risk><id>e571520d-ad20-460a-b310-366bc2af29b7</id><riskId>2d628b79-1dab-4489-a60a-c476a84a0808</riskId><title>进行恐怖袭击、绑架或抢劫等活动</title><remark>企业或项目所在地发生的恐怖袭击、绑架或抢劫等活动</remark><belongWho>f03d45c1-bdb2-4c2e-b8d4-b13594ad8149</belongWho><projectId>710a167f-a2ed-4f26-a9e1-30d540c18276</projectId></Risk><Risk><id>203a4782-e694-429f-9a68-2e0e0a89d09d</id><riskId>2d80462c-ab4c-4789-9db8-7bd78e0e596f</riskId><title>认定公司违反当地法律法规</title><remark>认定公司、企业或项目违反所在地法律和法规</remark><belongWho>4e867c20-654f-45fd-82c5-5b578237d3ae</belongWho><projectId>710a167f-a2ed-4f26-a9e1-30d540c18276</projectId></Risk><Risk><id>d3b6fd1e-8462-4e8d-b39a-a436c1982961</id><riskId>3c8d14c7-8a2c-4e5f-b956-02868c5fb846</riskId><title>未按照合同要求履行业务</title><remark>1）本身资质和信用不够；2）宏观经济形势发生大变化对其产生较大影响</remark><belongWho>7eda5c39-22ee-45f6-9d2a-49e1b1f9e391</belongWho><projectId>710a167f-a2ed-4f26-a9e1-30d540c18276</projectId></Risk><Risk><id>0f50d2e1-9a6c-4a99-b456-3c69621c63f2</id><riskId>61e4c23a-e3ae-42c3-bef9-a3eead3e6db1</riskId><title>未按财务规定进行操作</title><remark>不按照财务规定进行操作，导致不合规结果</remark><belongWho>7a420442-d018-4619-b968-2856d792f0c4</belongWho><projectId>710a167f-a2ed-4f26-a9e1-30d540c18276</projectId></Risk><Risk><id>09b20fbb-9b91-4619-9317-5c05790742ad</id><riskId>633f6037-2e4e-46ea-ba89-2bef53b7e8e9</riskId><title>操作技能与管理水平表现较差</title><remark>素质参差不齐，技能与管理水平较差</remark><belongWho>9b52ae14-e9ac-4da8-bb63-41795c4a0202</belongWho><projectId>710a167f-a2ed-4f26-a9e1-30d540c18276</projectId></Risk><Risk><id>db3017db-0c57-4f75-a2b6-d4ddf939029d</id><riskId>64dfccac-bdb0-443a-9a55-f7b0f525b1e3</riskId><title>朝有利方向波动</title><remark>指汇率、利率、价格等朝有利方向波动</remark><belongWho>dd1847da-9287-48f8-89f3-4add2bfe43b7</belongWho><projectId>710a167f-a2ed-4f26-a9e1-30d540c18276</projectId></Risk><Risk><id>8ca4db1f-3f6a-4f4a-87e9-74984cc02fa8</id><riskId>70e299cc-e549-43ca-8a87-ad0e4a0abf77</riskId><title>签订的技术合同超出自身的技术能力</title><remark>技术合同要求超出自身技术能力或与之不相符合</remark><belongWho>c2b222a2-bdf7-4fec-8b5c-ffd0add6da1a</belongWho><projectId>710a167f-a2ed-4f26-a9e1-30d540c18276</projectId></Risk><Risk><id>546706ae-762c-441a-b7d9-b144b40361d2</id><riskId>7ad5effe-aeef-4a03-b69f-454e0a2b101c</riskId><title>朝不利方向波动</title><remark>指汇率、利率或价格等朝不利方向波动</remark><belongWho>9ae1e6e3-b599-423e-844d-302094b966b6</belongWho><projectId>710a167f-a2ed-4f26-a9e1-30d540c18276</projectId></Risk><Risk><id>93bfca2b-b883-4f6f-bc0d-e48b34edddae</id><riskId>b1edbd0b-a11a-45cd-9a7a-ac9852ad7d86</riskId><title>未按照合同要求履行业务</title><remark>1）本身资质和信用不够；2）宏观经济形势发生大变化对其产生较大影响</remark><belongWho>7eda5c39-22ee-45f6-9d2a-49e1b1f9e391</belongWho><projectId>710a167f-a2ed-4f26-a9e1-30d540c18276</projectId></Risk><Risk><id>9eed2085-5a27-4baf-9567-f68033d4b8af</id><riskId>b5cfaa56-5258-4186-a984-2e0fc3fc6d30</riskId><title>未按照合同要求履行业务</title><remark>1）本身资质和信用不够；2）宏观经济形势发生大变化对其产生较大影响</remark><belongWho>7eda5c39-22ee-45f6-9d2a-49e1b1f9e391</belongWho><projectId>710a167f-a2ed-4f26-a9e1-30d540c18276</projectId></Risk><Risk><id>b89fac1d-f766-460b-8ec1-9857be93a869</id><riskId>b9c496ed-4232-44d2-977b-284706ec3bd6</riskId><title>信用和能力较低</title><remark>拒绝按照合同规定履行义务，无法或降低履行质量</remark><belongWho>5c209e50-a21c-4ec5-8391-18abc390d829</belongWho><projectId>710a167f-a2ed-4f26-a9e1-30d540c18276</projectId></Risk><Risk><id>9884791d-2899-4895-ad63-aca96d20241a</id><riskId>d026f073-85b4-40f6-adcb-ecf0baeee495</riskId><title>违规操作</title><remark>违反安全规定操作机器和作业</remark><belongWho>9e21dadd-7e39-4048-9214-d4ee60268b9e</belongWho><projectId>710a167f-a2ed-4f26-a9e1-30d540c18276</projectId></Risk><Risk><id>6e19082f-28f1-4385-8baa-b6b5ffed0938</id><riskId>d18b002c-0253-458b-87ec-e6ec2539ed98</riskId><title>侵犯我方或告我方侵犯他方知识产权</title><remark>外部公司侵犯我方知识产权，或者告我方侵犯他方知识产权</remark><belongWho>496ac170-44d8-4b8f-b4c6-3fca5beffafc</belongWho><projectId>710a167f-a2ed-4f26-a9e1-30d540c18276</projectId></Risk><Risk><id>eda720ca-3b27-454b-a15c-67cadf6186cb</id><riskId>f4bf0c5d-b34d-4ba4-b99d-d0e3a42b31e9</riskId><title>积压过多</title><remark>产品或原材料库存积压过多</remark><belongWho>75c609b2-4b59-4ead-9f45-247ec4accd09</belongWho><projectId>710a167f-a2ed-4f26-a9e1-30d540c18276</projectId></Risk><Risk><id>30fa496f-ff16-46eb-b1fd-79e145f8eb55</id><riskId>f9ed55d1-cf54-4759-aaef-c4f501f4695c</riskId><title>认定公司违反当地劳动法律法规</title><remark>所在地政府或监管机构认定公司违反当地劳动法律法规</remark><belongWho>a89de04c-f56a-4749-8354-9d2313a48294</belongWho><projectId>710a167f-a2ed-4f26-a9e1-30d540c18276</projectId></Risk></UltraData>