﻿<?xml version="1.0" encoding="UTF-8"?><UltraData><Risk><id>aa76c384-b4e6-46a3-ba79-0d154504ba4b</id><riskId>2d1704fb-78b9-401d-957a-aff7d999cc73</riskId><resultTitle>成本增加</resultTitle><resultRemark>指项目或运营成本增加</resultRemark><belongWho>4a34ed46-d8de-496a-a0d0-df81011b16f2</belongWho><projectId>710a167f-a2ed-4f26-a9e1-30d540c18276</projectId></Risk><Risk><id>d6405acf-fc04-42fc-9a9e-dce9688d110e</id><riskId>2d1704fb-78b9-401d-957a-aff7d999cc73</riskId><resultTitle>被罚款、责令整顿</resultTitle><resultRemark>需按规定缴纳罚款、并被责令整顿</resultRemark><belongWho>29803c23-42cb-470a-a5b8-ce432823b989</belongWho><projectId>710a167f-a2ed-4f26-a9e1-30d540c18276</projectId></Risk><Risk><id>44d330de-cea4-460f-88b6-13a912a2a463</id><riskId>2d1704fb-78b9-401d-957a-aff7d999cc73</riskId><resultTitle>延期或中断</resultTitle><resultRemark>指项目或活动被迫延期或中断</resultRemark><belongWho>6253319f-05fd-4dd7-9ecd-7a215f7c60e8</belongWho><projectId>710a167f-a2ed-4f26-a9e1-30d540c18276</projectId></Risk><Risk><id>6c2f7af5-1fe5-45b2-aec5-f6bf48a1ab89</id><riskId>2d628b79-1dab-4489-a60a-c476a84a0808</riskId><resultTitle>受到安全威胁</resultTitle><resultRemark>包括人身、财产安全</resultRemark><belongWho>844f1160-cdaf-4eb7-9bcc-ec9dbf3fc87e</belongWho><projectId>710a167f-a2ed-4f26-a9e1-30d540c18276</projectId></Risk><Risk><id>597870ac-d914-49d0-ae94-12b4c5364f6a</id><riskId>2d80462c-ab4c-4789-9db8-7bd78e0e596f</riskId><resultTitle>运营中断、延期</resultTitle><resultRemark>生产或项目运营中断、工程延期</resultRemark><belongWho>2a5a9865-ba15-4937-8f73-cd3524bd293d</belongWho><projectId>710a167f-a2ed-4f26-a9e1-30d540c18276</projectId></Risk><Risk><id>e52d4c80-4fee-4230-b161-e3ce0077843f</id><riskId>2d80462c-ab4c-4789-9db8-7bd78e0e596f</riskId><resultTitle>被罚款、责令整顿</resultTitle><resultRemark>需按规定缴纳罚款、并被责令整顿</resultRemark><belongWho>c4383492-34ba-49ed-93e4-9b504c5ecded</belongWho><projectId>710a167f-a2ed-4f26-a9e1-30d540c18276</projectId></Risk><Risk><id>2fd207da-fae6-4369-9a04-8b664b86a781</id><riskId>3c8d14c7-8a2c-4e5f-b956-02868c5fb846</riskId><resultTitle>质量不符合要求</resultTitle><resultRemark>产品或服务质量不符合要求</resultRemark><belongWho>b9830ee6-6f18-4264-814b-93f670d17474</belongWho><projectId>710a167f-a2ed-4f26-a9e1-30d540c18276</projectId></Risk><Risk><id>c54f398b-64b7-44d1-83cb-22fb66671cd8</id><riskId>3c8d14c7-8a2c-4e5f-b956-02868c5fb846</riskId><resultTitle>运营中断、延期</resultTitle><resultRemark>生产或项目运营中断、工程延期</resultRemark><belongWho>2a5a9865-ba15-4937-8f73-cd3524bd293d</belongWho><projectId>710a167f-a2ed-4f26-a9e1-30d540c18276</projectId></Risk><Risk><id>87c21178-9e9e-492a-9a57-97673de58f61</id><riskId>3c8d14c7-8a2c-4e5f-b956-02868c5fb846</riskId><resultTitle>费用增加</resultTitle><resultRemark>生产或项目费用增加</resultRemark><belongWho>3fb7e82a-c91b-43b0-a14e-95e9c88fab18</belongWho><projectId>710a167f-a2ed-4f26-a9e1-30d540c18276</projectId></Risk><Risk><id>4e98e401-9d53-41fa-bdc8-5a0ff28c3752</id><riskId>61e4c23a-e3ae-42c3-bef9-a3eead3e6db1</riskId><resultTitle>被罚款、责令整顿</resultTitle><resultRemark>需按规定缴纳罚款、并被责令整顿</resultRemark><belongWho>c4383492-34ba-49ed-93e4-9b504c5ecded</belongWho><projectId>710a167f-a2ed-4f26-a9e1-30d540c18276</projectId></Risk><Risk><id>e0ee1304-ecdb-4d2f-8075-e0e1c9edeff5</id><riskId>61e4c23a-e3ae-42c3-bef9-a3eead3e6db1</riskId><resultTitle>利益受损</resultTitle><resultRemark>指各种资产、项目、收益等方面的利益受到损害</resultRemark><belongWho>a01b8ce5-a3bf-4b67-aaeb-4e1af5726ce4</belongWho><projectId>710a167f-a2ed-4f26-a9e1-30d540c18276</projectId></Risk><Risk><id>771f8457-9da3-41ae-a00d-b718cf8eda69</id><riskId>633f6037-2e4e-46ea-ba89-2bef53b7e8e9</riskId><resultTitle>运营中断、延期</resultTitle><resultRemark>生产或项目运营中断、工程延期</resultRemark><belongWho>2a5a9865-ba15-4937-8f73-cd3524bd293d</belongWho><projectId>710a167f-a2ed-4f26-a9e1-30d540c18276</projectId></Risk><Risk><id>ae5e1349-e96b-49de-a982-25e906fe98f3</id><riskId>633f6037-2e4e-46ea-ba89-2bef53b7e8e9</riskId><resultTitle>发生事故</resultTitle><resultRemark>发生生产安全事故等</resultRemark><belongWho>54288a59-4299-4328-a243-20d8c1599891</belongWho><projectId>710a167f-a2ed-4f26-a9e1-30d540c18276</projectId></Risk><Risk><id>5cc081bd-7223-4021-a3ac-a75d710b1577</id><riskId>633f6037-2e4e-46ea-ba89-2bef53b7e8e9</riskId><resultTitle>质量不符合要求</resultTitle><resultRemark>产品或服务质量不符合要求</resultRemark><belongWho>b9830ee6-6f18-4264-814b-93f670d17474</belongWho><projectId>710a167f-a2ed-4f26-a9e1-30d540c18276</projectId></Risk><Risk><id>9147f825-4d4a-4ee9-9119-8468f5e0bbb9</id><riskId>64dfccac-bdb0-443a-9a55-f7b0f525b1e3</riskId><resultTitle>收益上升</resultTitle><resultRemark>企业、项目等的收益上升</resultRemark><belongWho>16c9ef85-4869-4f00-a824-545187c0e6e2</belongWho><projectId>710a167f-a2ed-4f26-a9e1-30d540c18276</projectId></Risk><Risk><id>a76f672b-7236-4a99-837f-86c8a2951b60</id><riskId>70e299cc-e549-43ca-8a87-ad0e4a0abf77</riskId><resultTitle>费用增加</resultTitle><resultRemark>生产或项目费用增加</resultRemark><belongWho>3fb7e82a-c91b-43b0-a14e-95e9c88fab18</belongWho><projectId>710a167f-a2ed-4f26-a9e1-30d540c18276</projectId></Risk><Risk><id>aa371248-6ad7-473b-a9d0-353237148c6e</id><riskId>70e299cc-e549-43ca-8a87-ad0e4a0abf77</riskId><resultTitle>运营中断、延期</resultTitle><resultRemark>生产或项目运营中断、工程延期</resultRemark><belongWho>2a5a9865-ba15-4937-8f73-cd3524bd293d</belongWho><projectId>710a167f-a2ed-4f26-a9e1-30d540c18276</projectId></Risk><Risk><id>fa25aad8-829e-440d-802f-496134634080</id><riskId>70e299cc-e549-43ca-8a87-ad0e4a0abf77</riskId><resultTitle>质量不符合要求</resultTitle><resultRemark>产品或服务质量不符合要求</resultRemark><belongWho>b9830ee6-6f18-4264-814b-93f670d17474</belongWho><projectId>710a167f-a2ed-4f26-a9e1-30d540c18276</projectId></Risk><Risk><id>48b0da3d-f76f-4738-8025-57ded9308b5d</id><riskId>7ad5effe-aeef-4a03-b69f-454e0a2b101c</riskId><resultTitle>收益减少</resultTitle><resultRemark>指企业或者项目的收益减少</resultRemark><belongWho>adecbffd-bfb1-4c23-9d44-3681cc1a4710</belongWho><projectId>710a167f-a2ed-4f26-a9e1-30d540c18276</projectId></Risk><Risk><id>2110b194-0b6c-4a4c-afd0-381f73e7a8ba</id><riskId>7ad5effe-aeef-4a03-b69f-454e0a2b101c</riskId><resultTitle>费用增加</resultTitle><resultRemark>生产或项目费用增加</resultRemark><belongWho>3fb7e82a-c91b-43b0-a14e-95e9c88fab18</belongWho><projectId>710a167f-a2ed-4f26-a9e1-30d540c18276</projectId></Risk><Risk><id>28cce99a-31ce-45ff-a1d3-71ddbbb75a88</id><riskId>b1edbd0b-a11a-45cd-9a7a-ac9852ad7d86</riskId><resultTitle>质量不符合要求</resultTitle><resultRemark>产品或服务质量不符合要求</resultRemark><belongWho>b9830ee6-6f18-4264-814b-93f670d17474</belongWho><projectId>710a167f-a2ed-4f26-a9e1-30d540c18276</projectId></Risk><Risk><id>2da45d43-124a-4a0c-a79b-1a4b06f89699</id><riskId>b1edbd0b-a11a-45cd-9a7a-ac9852ad7d86</riskId><resultTitle>运营中断、延期</resultTitle><resultRemark>生产或项目运营中断、工程延期</resultRemark><belongWho>2a5a9865-ba15-4937-8f73-cd3524bd293d</belongWho><projectId>710a167f-a2ed-4f26-a9e1-30d540c18276</projectId></Risk><Risk><id>b4dd83bb-ff54-4b24-b560-3f5d690100f3</id><riskId>b1edbd0b-a11a-45cd-9a7a-ac9852ad7d86</riskId><resultTitle>费用增加</resultTitle><resultRemark>生产或项目费用增加</resultRemark><belongWho>3fb7e82a-c91b-43b0-a14e-95e9c88fab18</belongWho><projectId>710a167f-a2ed-4f26-a9e1-30d540c18276</projectId></Risk><Risk><id>c16785cb-f358-4395-b4da-0061186a1193</id><riskId>b5cfaa56-5258-4186-a984-2e0fc3fc6d30</riskId><resultTitle>运营中断、延期</resultTitle><resultRemark>生产或项目运营中断、工程延期</resultRemark><belongWho>2a5a9865-ba15-4937-8f73-cd3524bd293d</belongWho><projectId>710a167f-a2ed-4f26-a9e1-30d540c18276</projectId></Risk><Risk><id>2b622a44-fdab-454d-958c-e13cd1d6bf8e</id><riskId>b5cfaa56-5258-4186-a984-2e0fc3fc6d30</riskId><resultTitle>利益受损</resultTitle><resultRemark>指各种资产、项目、收益等方面的利益受到损害</resultRemark><belongWho>a01b8ce5-a3bf-4b67-aaeb-4e1af5726ce4</belongWho><projectId>710a167f-a2ed-4f26-a9e1-30d540c18276</projectId></Risk><Risk><id>0bd549ed-4c91-479d-9075-f8e168760a1b</id><riskId>b9c496ed-4232-44d2-977b-284706ec3bd6</riskId><resultTitle>利益受损</resultTitle><resultRemark>指各种资产、项目、收益等方面的利益受到损害</resultRemark><belongWho>a01b8ce5-a3bf-4b67-aaeb-4e1af5726ce4</belongWho><projectId>710a167f-a2ed-4f26-a9e1-30d540c18276</projectId></Risk><Risk><id>042a8123-1ce2-4e95-8cd1-bc8cb02af689</id><riskId>d026f073-85b4-40f6-adcb-ecf0baeee495</riskId><resultTitle>发生事故</resultTitle><resultRemark>发生生产安全事故等</resultRemark><belongWho>54288a59-4299-4328-a243-20d8c1599891</belongWho><projectId>710a167f-a2ed-4f26-a9e1-30d540c18276</projectId></Risk><Risk><id>06849486-afa0-4032-8dfc-a398c50f5952</id><riskId>d026f073-85b4-40f6-adcb-ecf0baeee495</riskId><resultTitle>质量不符合要求</resultTitle><resultRemark>产品或服务质量不符合要求</resultRemark><belongWho>b9830ee6-6f18-4264-814b-93f670d17474</belongWho><projectId>710a167f-a2ed-4f26-a9e1-30d540c18276</projectId></Risk><Risk><id>3f3c6d25-cc8e-482d-850c-30a042d9bcf9</id><riskId>d026f073-85b4-40f6-adcb-ecf0baeee495</riskId><resultTitle>运营中断、延期</resultTitle><resultRemark>生产或项目运营中断、工程延期</resultRemark><belongWho>2a5a9865-ba15-4937-8f73-cd3524bd293d</belongWho><projectId>710a167f-a2ed-4f26-a9e1-30d540c18276</projectId></Risk><Risk><id>715ae5b9-773f-4099-a114-b85f28ef5f68</id><riskId>d18b002c-0253-458b-87ec-e6ec2539ed98</riskId><resultTitle>遭到法律诉讼</resultTitle><resultRemark>遭到外部公司的法律诉讼</resultRemark><belongWho>0e167fbd-faa5-4206-85f7-7068ff27400f</belongWho><projectId>710a167f-a2ed-4f26-a9e1-30d540c18276</projectId></Risk><Risk><id>bcfe24db-6416-46dd-945f-2d0659dc7d68</id><riskId>d18b002c-0253-458b-87ec-e6ec2539ed98</riskId><resultTitle>利益受损</resultTitle><resultRemark>指各种资产、项目、收益等方面的利益受到损害</resultRemark><belongWho>a01b8ce5-a3bf-4b67-aaeb-4e1af5726ce4</belongWho><projectId>710a167f-a2ed-4f26-a9e1-30d540c18276</projectId></Risk><Risk><id>f3784e9c-ddb0-4313-9915-c51cce4425e2</id><riskId>d18b002c-0253-458b-87ec-e6ec2539ed98</riskId><resultTitle>费用增加</resultTitle><resultRemark>生产或项目费用增加</resultRemark><belongWho>3fb7e82a-c91b-43b0-a14e-95e9c88fab18</belongWho><projectId>710a167f-a2ed-4f26-a9e1-30d540c18276</projectId></Risk><Risk><id>ae926faa-31ae-4c39-9539-d13b916f3f2f</id><riskId>f4bf0c5d-b34d-4ba4-b99d-d0e3a42b31e9</riskId><resultTitle>费用增加</resultTitle><resultRemark>生产或项目费用增加</resultRemark><belongWho>3fb7e82a-c91b-43b0-a14e-95e9c88fab18</belongWho><projectId>710a167f-a2ed-4f26-a9e1-30d540c18276</projectId></Risk><Risk><id>692338a8-f613-49a5-92cb-ce2d28a7973c</id><riskId>f4bf0c5d-b34d-4ba4-b99d-d0e3a42b31e9</riskId><resultTitle>收益减少</resultTitle><resultRemark>指企业或者项目的收益减少</resultRemark><belongWho>adecbffd-bfb1-4c23-9d44-3681cc1a4710</belongWho><projectId>710a167f-a2ed-4f26-a9e1-30d540c18276</projectId></Risk><Risk><id>5c85fa06-7f96-4692-9b0c-697d49129085</id><riskId>f9ed55d1-cf54-4759-aaef-c4f501f4695c</riskId><resultTitle>被罚款、责令整顿</resultTitle><resultRemark>需按规定缴纳罚款、并被责令整顿</resultRemark><belongWho>c4383492-34ba-49ed-93e4-9b504c5ecded</belongWho><projectId>710a167f-a2ed-4f26-a9e1-30d540c18276</projectId></Risk><Risk><id>3a66ce1f-efb2-408b-a3fe-2d982e86e993</id><riskId>f9ed55d1-cf54-4759-aaef-c4f501f4695c</riskId><resultTitle>运营中断、延期</resultTitle><resultRemark>生产或项目运营中断、工程延期</resultRemark><belongWho>2a5a9865-ba15-4937-8f73-cd3524bd293d</belongWho><projectId>710a167f-a2ed-4f26-a9e1-30d540c18276</projectId></Risk></UltraData>