﻿<?xml version="1.0" encoding="UTF-8"?><UltraData><Risk><id>2d1704fb-78b9-401d-957a-aff7d999cc73</id><projectId>710a167f-a2ed-4f26-a9e1-30d540c18276</projectId><pageDetailId></pageDetailId><riskTitle>政策法律不稳定风险</riskTitle><riskCode>R02-d05-007</riskCode><riskTypeId>5b562822-cd1a-42d3-b015-39c5b61488d3</riskTypeId><riskTypeTopId>5b562822-cd1a-42d3-b015-39c5b61488d3</riskTypeTopId><riskBeginDate>2013-07-15T00:00:00</riskBeginDate><riskTypeStr>威胁</riskTypeStr><pageId>2f37aab8-658a-475c-833e-1335b5a2b8dc</pageId></Risk><Risk><id>2d628b79-1dab-4489-a60a-c476a84a0808</id><projectId>710a167f-a2ed-4f26-a9e1-30d540c18276</projectId><pageDetailId></pageDetailId><riskTitle>中方员工人身安全风险</riskTitle><riskCode>R02-d05-016</riskCode><riskTypeId>a1baba3e-d2ad-4c37-ad04-52fa53de1e0f</riskTypeId><riskTypeTopId>a1baba3e-d2ad-4c37-ad04-52fa53de1e0f</riskTypeTopId><riskBeginDate>2013-07-15T00:00:00</riskBeginDate><riskTypeStr>威胁</riskTypeStr><pageId>2f37aab8-658a-475c-833e-1335b5a2b8dc</pageId></Risk><Risk><id>2d80462c-ab4c-4789-9db8-7bd78e0e596f</id><projectId>710a167f-a2ed-4f26-a9e1-30d540c18276</projectId><pageDetailId></pageDetailId><riskTitle>公司法律法规风险</riskTitle><riskCode>R02-d05-003</riskCode><riskTypeId>5b562822-cd1a-42d3-b015-39c5b61488d3</riskTypeId><riskTypeTopId>5b562822-cd1a-42d3-b015-39c5b61488d3</riskTypeTopId><riskBeginDate>2013-07-14T00:00:00</riskBeginDate><riskTypeStr>威胁</riskTypeStr><pageId>2f37aab8-658a-475c-833e-1335b5a2b8dc</pageId></Risk><Risk><id>3c8d14c7-8a2c-4e5f-b956-02868c5fb846</id><projectId>710a167f-a2ed-4f26-a9e1-30d540c18276</projectId><pageDetailId></pageDetailId><riskTitle>业主信用风险</riskTitle><riskCode>R02-d05-001</riskCode><riskTypeId>a1baba3e-d2ad-4c37-ad04-52fa53de1e0f</riskTypeId><riskTypeTopId>a1baba3e-d2ad-4c37-ad04-52fa53de1e0f</riskTypeTopId><riskBeginDate>2013-07-14T00:00:00</riskBeginDate><riskTypeStr>威胁</riskTypeStr><pageId>2f37aab8-658a-475c-833e-1335b5a2b8dc</pageId></Risk><Risk><id>61e4c23a-e3ae-42c3-bef9-a3eead3e6db1</id><projectId>710a167f-a2ed-4f26-a9e1-30d540c18276</projectId><pageDetailId></pageDetailId><riskTitle>财务合规风险</riskTitle><riskCode>R02-d05-013</riskCode><riskTypeId>a1baba3e-d2ad-4c37-ad04-52fa53de1e0f</riskTypeId><riskTypeTopId>a1baba3e-d2ad-4c37-ad04-52fa53de1e0f</riskTypeTopId><riskBeginDate>2013-07-15T00:00:00</riskBeginDate><riskTypeStr>威胁</riskTypeStr><pageId>2f37aab8-658a-475c-833e-1335b5a2b8dc</pageId></Risk><Risk><id>633f6037-2e4e-46ea-ba89-2bef53b7e8e9</id><projectId>710a167f-a2ed-4f26-a9e1-30d540c18276</projectId><pageDetailId></pageDetailId><riskTitle>本地化员工操作安全风险</riskTitle><riskCode>R02-d05-011</riskCode><riskTypeId>a1baba3e-d2ad-4c37-ad04-52fa53de1e0f</riskTypeId><riskTypeTopId>a1baba3e-d2ad-4c37-ad04-52fa53de1e0f</riskTypeTopId><riskBeginDate>2013-07-15T00:00:00</riskBeginDate><riskTypeStr>威胁</riskTypeStr><pageId>2f37aab8-658a-475c-833e-1335b5a2b8dc</pageId></Risk><Risk><id>64dfccac-bdb0-443a-9a55-f7b0f525b1e3</id><projectId>710a167f-a2ed-4f26-a9e1-30d540c18276</projectId><pageDetailId></pageDetailId><riskTitle>大宗商品价格风险</riskTitle><riskCode>R02-d05-010</riskCode><riskTypeId>a1baba3e-d2ad-4c37-ad04-52fa53de1e0f</riskTypeId><riskTypeTopId>a1baba3e-d2ad-4c37-ad04-52fa53de1e0f</riskTypeTopId><riskBeginDate>2013-07-15T00:00:00</riskBeginDate><riskTypeStr>机会</riskTypeStr><pageId>2f37aab8-658a-475c-833e-1335b5a2b8dc</pageId></Risk><Risk><id>70e299cc-e549-43ca-8a87-ad0e4a0abf77</id><projectId>710a167f-a2ed-4f26-a9e1-30d540c18276</projectId><pageDetailId></pageDetailId><riskTitle>技术风险</riskTitle><riskCode>R02-d05-002</riskCode><riskTypeId>a1baba3e-d2ad-4c37-ad04-52fa53de1e0f</riskTypeId><riskTypeTopId>a1baba3e-d2ad-4c37-ad04-52fa53de1e0f</riskTypeTopId><riskBeginDate>2013-07-14T00:00:00</riskBeginDate><riskTypeStr>威胁</riskTypeStr><pageId>2f37aab8-658a-475c-833e-1335b5a2b8dc</pageId></Risk><Risk><id>7ad5effe-aeef-4a03-b69f-454e0a2b101c</id><projectId>710a167f-a2ed-4f26-a9e1-30d540c18276</projectId><pageDetailId></pageDetailId><riskTitle>汇率风险</riskTitle><riskCode>R02-d05-008</riskCode><riskTypeId>cb6ff6dd-0c0f-4e4e-9a0a-ce7e1150a397</riskTypeId><riskTypeTopId>cb6ff6dd-0c0f-4e4e-9a0a-ce7e1150a397</riskTypeTopId><riskBeginDate>2013-07-15T00:00:00</riskBeginDate><riskTypeStr>威胁</riskTypeStr><pageId>2f37aab8-658a-475c-833e-1335b5a2b8dc</pageId></Risk><Risk><id>b1edbd0b-a11a-45cd-9a7a-ac9852ad7d86</id><projectId>710a167f-a2ed-4f26-a9e1-30d540c18276</projectId><pageDetailId></pageDetailId><riskTitle>合同法律风险</riskTitle><riskCode>R02-d05-004</riskCode><riskTypeId>a1baba3e-d2ad-4c37-ad04-52fa53de1e0f</riskTypeId><riskTypeTopId>a1baba3e-d2ad-4c37-ad04-52fa53de1e0f</riskTypeTopId><riskBeginDate>2013-07-15T00:00:00</riskBeginDate><riskTypeStr>威胁</riskTypeStr><pageId>2f37aab8-658a-475c-833e-1335b5a2b8dc</pageId></Risk><Risk><id>b5cfaa56-5258-4186-a984-2e0fc3fc6d30</id><projectId>710a167f-a2ed-4f26-a9e1-30d540c18276</projectId><pageDetailId></pageDetailId><riskTitle>采购风险</riskTitle><riskCode>R02-d05-014</riskCode><riskTypeId>a1baba3e-d2ad-4c37-ad04-52fa53de1e0f</riskTypeId><riskTypeTopId>a1baba3e-d2ad-4c37-ad04-52fa53de1e0f</riskTypeTopId><riskBeginDate>2013-07-15T00:00:00</riskBeginDate><riskTypeStr>威胁</riskTypeStr><pageId>2f37aab8-658a-475c-833e-1335b5a2b8dc</pageId></Risk><Risk><id>b9c496ed-4232-44d2-977b-284706ec3bd6</id><projectId>710a167f-a2ed-4f26-a9e1-30d540c18276</projectId><pageDetailId></pageDetailId><riskTitle>保险风险</riskTitle><riskCode>R02-d05-009</riskCode><riskTypeId>a1baba3e-d2ad-4c37-ad04-52fa53de1e0f</riskTypeId><riskTypeTopId>a1baba3e-d2ad-4c37-ad04-52fa53de1e0f</riskTypeTopId><riskBeginDate>2013-07-15T00:00:00</riskBeginDate><riskTypeStr>威胁</riskTypeStr><pageId>2f37aab8-658a-475c-833e-1335b5a2b8dc</pageId></Risk><Risk><id>d026f073-85b4-40f6-adcb-ecf0baeee495</id><projectId>710a167f-a2ed-4f26-a9e1-30d540c18276</projectId><pageDetailId></pageDetailId><riskTitle>生产作业风险</riskTitle><riskCode>R02-d05-012</riskCode><riskTypeId>a1baba3e-d2ad-4c37-ad04-52fa53de1e0f</riskTypeId><riskTypeTopId>a1baba3e-d2ad-4c37-ad04-52fa53de1e0f</riskTypeTopId><riskBeginDate>2013-07-15T00:00:00</riskBeginDate><riskTypeStr>威胁</riskTypeStr><pageId>2f37aab8-658a-475c-833e-1335b5a2b8dc</pageId></Risk><Risk><id>d18b002c-0253-458b-87ec-e6ec2539ed98</id><projectId>710a167f-a2ed-4f26-a9e1-30d540c18276</projectId><pageDetailId></pageDetailId><riskTitle>知识产权法律风险</riskTitle><riskCode>R02-d05-005</riskCode><riskTypeId>a1baba3e-d2ad-4c37-ad04-52fa53de1e0f</riskTypeId><riskTypeTopId>a1baba3e-d2ad-4c37-ad04-52fa53de1e0f</riskTypeTopId><riskBeginDate>2013-07-15T00:00:00</riskBeginDate><riskTypeStr>威胁</riskTypeStr><pageId>2f37aab8-658a-475c-833e-1335b5a2b8dc</pageId></Risk><Risk><id>f4bf0c5d-b34d-4ba4-b99d-d0e3a42b31e9</id><projectId>710a167f-a2ed-4f26-a9e1-30d540c18276</projectId><pageDetailId></pageDetailId><riskTitle>存货变现风险</riskTitle><riskCode>R02-d05-015</riskCode><riskTypeId>a1baba3e-d2ad-4c37-ad04-52fa53de1e0f</riskTypeId><riskTypeTopId>a1baba3e-d2ad-4c37-ad04-52fa53de1e0f</riskTypeTopId><riskBeginDate>2013-07-15T00:00:00</riskBeginDate><riskTypeStr>威胁</riskTypeStr><pageId>2f37aab8-658a-475c-833e-1335b5a2b8dc</pageId></Risk><Risk><id>f9ed55d1-cf54-4759-aaef-c4f501f4695c</id><projectId>710a167f-a2ed-4f26-a9e1-30d540c18276</projectId><pageDetailId></pageDetailId><riskTitle>人力资源法律风险</riskTitle><riskCode>R02-d05-006</riskCode><riskTypeId>40105f77-a9f0-457e-a1ce-8997d8403ca9</riskTypeId><riskTypeTopId>40105f77-a9f0-457e-a1ce-8997d8403ca9</riskTypeTopId><riskBeginDate>2013-07-15T00:00:00</riskBeginDate><riskTypeStr>威胁</riskTypeStr><pageId>2f37aab8-658a-475c-833e-1335b5a2b8dc</pageId></Risk></UltraData>