﻿<?xml version="1.0" encoding="UTF-8"?><UltraData><Risk><id>06330d29-8e00-4021-8bdb-99166ffb4054</id><riskid>70e299cc-e549-43ca-8a87-ad0e4a0abf77</riskid><scoreVectorId>91270970-76d1-4826-a3d1-ba6d13115270</scoreVectorId><scoreBefore>0.3</scoreBefore><scoreEnd>0.15</scoreEnd><projectId>710a167f-a2ed-4f26-a9e1-30d540c18276</projectId></Risk><Risk><id>0b72e0fa-1651-48d1-9729-e4e58cc6ad82</id><riskid>64dfccac-bdb0-443a-9a55-f7b0f525b1e3</riskid><scoreVectorId>c1a778b0-8176-42b9-9ed8-7c942f2af8e1</scoreVectorId><scoreBefore>0.45</scoreBefore><scoreEnd>0.7</scoreEnd><projectId>710a167f-a2ed-4f26-a9e1-30d540c18276</projectId></Risk><Risk><id>0b97bdea-18fd-436c-af91-be28c3d56ea5</id><riskid>b5cfaa56-5258-4186-a984-2e0fc3fc6d30</riskid><scoreVectorId>05d778e7-53f3-487b-92a3-cb2c0be41e93</scoreVectorId><scoreBefore>0.7</scoreBefore><scoreEnd>0.45</scoreEnd><projectId>710a167f-a2ed-4f26-a9e1-30d540c18276</projectId></Risk><Risk><id>14f106bd-4ad0-4ec6-ad69-76828679e40e</id><riskid>2d628b79-1dab-4489-a60a-c476a84a0808</riskid><scoreVectorId>05d778e7-53f3-487b-92a3-cb2c0be41e93</scoreVectorId><scoreBefore>0.9</scoreBefore><scoreEnd>0.45</scoreEnd><projectId>710a167f-a2ed-4f26-a9e1-30d540c18276</projectId></Risk><Risk><id>177d7f13-80fb-4617-8af5-541464499b31</id><riskid>d18b002c-0253-458b-87ec-e6ec2539ed98</riskid><scoreVectorId>05d778e7-53f3-487b-92a3-cb2c0be41e93</scoreVectorId><scoreBefore>0.35</scoreBefore><scoreEnd>0.15</scoreEnd><projectId>710a167f-a2ed-4f26-a9e1-30d540c18276</projectId></Risk><Risk><id>1cbf6881-59c5-4626-8203-ed440175ab40</id><riskid>2d80462c-ab4c-4789-9db8-7bd78e0e596f</riskid><scoreVectorId>05d778e7-53f3-487b-92a3-cb2c0be41e93</scoreVectorId><scoreBefore>0.65</scoreBefore><scoreEnd>0.2</scoreEnd><projectId>710a167f-a2ed-4f26-a9e1-30d540c18276</projectId></Risk><Risk><id>1e8f1c89-cd55-4a7e-829a-bdb0c37b63a1</id><riskid>61e4c23a-e3ae-42c3-bef9-a3eead3e6db1</riskid><scoreVectorId>05d778e7-53f3-487b-92a3-cb2c0be41e93</scoreVectorId><scoreBefore>0.2</scoreBefore><scoreEnd>0.2</scoreEnd><projectId>710a167f-a2ed-4f26-a9e1-30d540c18276</projectId></Risk><Risk><id>20f7f0c6-3da0-4d47-b984-38729b45b000</id><riskid>f9ed55d1-cf54-4759-aaef-c4f501f4695c</riskid><scoreVectorId>05d778e7-53f3-487b-92a3-cb2c0be41e93</scoreVectorId><scoreBefore>0.7</scoreBefore><scoreEnd>0.2</scoreEnd><projectId>710a167f-a2ed-4f26-a9e1-30d540c18276</projectId></Risk><Risk><id>30672f59-346d-4525-aed2-443f4a7891c4</id><riskid>d18b002c-0253-458b-87ec-e6ec2539ed98</riskid><scoreVectorId>91270970-76d1-4826-a3d1-ba6d13115270</scoreVectorId><scoreBefore>0.35</scoreBefore><scoreEnd>0.07</scoreEnd><projectId>710a167f-a2ed-4f26-a9e1-30d540c18276</projectId></Risk><Risk><id>3d09b13e-22f3-4525-9796-2738cc0d8e68</id><riskid>b5cfaa56-5258-4186-a984-2e0fc3fc6d30</riskid><scoreVectorId>91270970-76d1-4826-a3d1-ba6d13115270</scoreVectorId><scoreBefore>0.35</scoreBefore><scoreEnd>0.17</scoreEnd><projectId>710a167f-a2ed-4f26-a9e1-30d540c18276</projectId></Risk><Risk><id>3ec6671a-b398-4d71-9fa7-088e45c983a5</id><riskid>64dfccac-bdb0-443a-9a55-f7b0f525b1e3</riskid><scoreVectorId>dea01836-7797-430b-a1ab-3dd20fde3533</scoreVectorId><scoreBefore>0.3</scoreBefore><scoreEnd>0.3</scoreEnd><projectId>710a167f-a2ed-4f26-a9e1-30d540c18276</projectId></Risk><Risk><id>42c45d78-2d8c-4e2d-971e-ac69c6819686</id><riskid>b1edbd0b-a11a-45cd-9a7a-ac9852ad7d86</riskid><scoreVectorId>05d778e7-53f3-487b-92a3-cb2c0be41e93</scoreVectorId><scoreBefore>0.65</scoreBefore><scoreEnd>0.35</scoreEnd><projectId>710a167f-a2ed-4f26-a9e1-30d540c18276</projectId></Risk><Risk><id>4fe997bf-3e62-49d9-8fcb-98b97d44aca9</id><riskid>f4bf0c5d-b34d-4ba4-b99d-d0e3a42b31e9</riskid><scoreVectorId>91270970-76d1-4826-a3d1-ba6d13115270</scoreVectorId><scoreBefore>0.15</scoreBefore><scoreEnd>0.08</scoreEnd><projectId>710a167f-a2ed-4f26-a9e1-30d540c18276</projectId></Risk><Risk><id>59cf5af7-69d1-48d1-b033-813affe7a431</id><riskid>633f6037-2e4e-46ea-ba89-2bef53b7e8e9</riskid><scoreVectorId>91270970-76d1-4826-a3d1-ba6d13115270</scoreVectorId><scoreBefore>0.6</scoreBefore><scoreEnd>0.35</scoreEnd><projectId>710a167f-a2ed-4f26-a9e1-30d540c18276</projectId></Risk><Risk><id>5ac01fae-0895-488a-ac59-764948b6138d</id><riskid>61e4c23a-e3ae-42c3-bef9-a3eead3e6db1</riskid><scoreVectorId>91270970-76d1-4826-a3d1-ba6d13115270</scoreVectorId><scoreBefore>0.35</scoreBefore><scoreEnd>0.15</scoreEnd><projectId>710a167f-a2ed-4f26-a9e1-30d540c18276</projectId></Risk><Risk><id>68cfcbc8-0c5c-4f8d-8d22-7d76afb89f32</id><riskid>633f6037-2e4e-46ea-ba89-2bef53b7e8e9</riskid><scoreVectorId>05d778e7-53f3-487b-92a3-cb2c0be41e93</scoreVectorId><scoreBefore>0.4</scoreBefore><scoreEnd>0.4</scoreEnd><projectId>710a167f-a2ed-4f26-a9e1-30d540c18276</projectId></Risk><Risk><id>69ac337a-9fdf-4a30-b126-77f1ddcfcbd3</id><riskid>f4bf0c5d-b34d-4ba4-b99d-d0e3a42b31e9</riskid><scoreVectorId>05d778e7-53f3-487b-92a3-cb2c0be41e93</scoreVectorId><scoreBefore>0.4</scoreBefore><scoreEnd>0.2</scoreEnd><projectId>710a167f-a2ed-4f26-a9e1-30d540c18276</projectId></Risk><Risk><id>7ff4fb9c-6a2b-4e1e-b3f4-990367f2d8f1</id><riskid>b9c496ed-4232-44d2-977b-284706ec3bd6</riskid><scoreVectorId>91270970-76d1-4826-a3d1-ba6d13115270</scoreVectorId><scoreBefore>0.15</scoreBefore><scoreEnd>0.075</scoreEnd><projectId>710a167f-a2ed-4f26-a9e1-30d540c18276</projectId></Risk><Risk><id>8399b5fa-53ff-419c-91ab-52f0a0db89f3</id><riskid>2d628b79-1dab-4489-a60a-c476a84a0808</riskid><scoreVectorId>91270970-76d1-4826-a3d1-ba6d13115270</scoreVectorId><scoreBefore>0.15</scoreBefore><scoreEnd>0.15</scoreEnd><projectId>710a167f-a2ed-4f26-a9e1-30d540c18276</projectId></Risk><Risk><id>8ac2d0ed-b53d-4e6d-90cf-e250dc7e4124</id><riskid>2d80462c-ab4c-4789-9db8-7bd78e0e596f</riskid><scoreVectorId>91270970-76d1-4826-a3d1-ba6d13115270</scoreVectorId><scoreBefore>0.15</scoreBefore><scoreEnd>0.03</scoreEnd><projectId>710a167f-a2ed-4f26-a9e1-30d540c18276</projectId></Risk><Risk><id>991f579e-7489-4c61-906f-8ebae7a7431d</id><riskid>70e299cc-e549-43ca-8a87-ad0e4a0abf77</riskid><scoreVectorId>05d778e7-53f3-487b-92a3-cb2c0be41e93</scoreVectorId><scoreBefore>0.7</scoreBefore><scoreEnd>0.4</scoreEnd><projectId>710a167f-a2ed-4f26-a9e1-30d540c18276</projectId></Risk><Risk><id>9a10c121-7419-4913-beb0-7678aab073e7</id><riskid>d026f073-85b4-40f6-adcb-ecf0baeee495</riskid><scoreVectorId>05d778e7-53f3-487b-92a3-cb2c0be41e93</scoreVectorId><scoreBefore>0.4</scoreBefore><scoreEnd>0.4</scoreEnd><projectId>710a167f-a2ed-4f26-a9e1-30d540c18276</projectId></Risk><Risk><id>9c5516c9-3338-46c3-aa3b-864d1e51d97f</id><riskid>2d1704fb-78b9-401d-957a-aff7d999cc73</riskid><scoreVectorId>91270970-76d1-4826-a3d1-ba6d13115270</scoreVectorId><scoreBefore>0.35</scoreBefore><scoreEnd>0.15</scoreEnd><projectId>710a167f-a2ed-4f26-a9e1-30d540c18276</projectId></Risk><Risk><id>a492900b-e724-4962-ae75-ef026c197536</id><riskid>7ad5effe-aeef-4a03-b69f-454e0a2b101c</riskid><scoreVectorId>05d778e7-53f3-487b-92a3-cb2c0be41e93</scoreVectorId><scoreBefore>0.7</scoreBefore><scoreEnd>0.4</scoreEnd><projectId>710a167f-a2ed-4f26-a9e1-30d540c18276</projectId></Risk><Risk><id>a90fb1e4-4fa1-4ed8-b883-20acb41edcb1</id><riskid>3c8d14c7-8a2c-4e5f-b956-02868c5fb846</riskid><scoreVectorId>91270970-76d1-4826-a3d1-ba6d13115270</scoreVectorId><scoreBefore>0.15</scoreBefore><scoreEnd>0.075</scoreEnd><projectId>710a167f-a2ed-4f26-a9e1-30d540c18276</projectId></Risk><Risk><id>b3d0049c-d648-45bc-a324-55e03ff937b7</id><riskid>7ad5effe-aeef-4a03-b69f-454e0a2b101c</riskid><scoreVectorId>91270970-76d1-4826-a3d1-ba6d13115270</scoreVectorId><scoreBefore>0.35</scoreBefore><scoreEnd>0.35</scoreEnd><projectId>710a167f-a2ed-4f26-a9e1-30d540c18276</projectId></Risk><Risk><id>b7789312-29c4-4a64-a653-ab18dcde2ac9</id><riskid>d026f073-85b4-40f6-adcb-ecf0baeee495</riskid><scoreVectorId>91270970-76d1-4826-a3d1-ba6d13115270</scoreVectorId><scoreBefore>0.35</scoreBefore><scoreEnd>0.15</scoreEnd><projectId>710a167f-a2ed-4f26-a9e1-30d540c18276</projectId></Risk><Risk><id>c25eb4fc-8600-49b2-841b-91133de12fef</id><riskid>3c8d14c7-8a2c-4e5f-b956-02868c5fb846</riskid><scoreVectorId>05d778e7-53f3-487b-92a3-cb2c0be41e93</scoreVectorId><scoreBefore>0.7</scoreBefore><scoreEnd>0.4</scoreEnd><projectId>710a167f-a2ed-4f26-a9e1-30d540c18276</projectId></Risk><Risk><id>c5424af9-a729-479c-a4f6-88f6958fac14</id><riskid>b9c496ed-4232-44d2-977b-284706ec3bd6</riskid><scoreVectorId>05d778e7-53f3-487b-92a3-cb2c0be41e93</scoreVectorId><scoreBefore>0.3</scoreBefore><scoreEnd>0.2</scoreEnd><projectId>710a167f-a2ed-4f26-a9e1-30d540c18276</projectId></Risk><Risk><id>d164b010-bb61-444c-88e6-079b047800d1</id><riskid>b1edbd0b-a11a-45cd-9a7a-ac9852ad7d86</riskid><scoreVectorId>91270970-76d1-4826-a3d1-ba6d13115270</scoreVectorId><scoreBefore>0.18</scoreBefore><scoreEnd>0.07</scoreEnd><projectId>710a167f-a2ed-4f26-a9e1-30d540c18276</projectId></Risk><Risk><id>d7969307-3298-41a9-a97a-8ce2b5c0616a</id><riskid>2d1704fb-78b9-401d-957a-aff7d999cc73</riskid><scoreVectorId>05d778e7-53f3-487b-92a3-cb2c0be41e93</scoreVectorId><scoreBefore>0.45</scoreBefore><scoreEnd>0.2</scoreEnd><projectId>710a167f-a2ed-4f26-a9e1-30d540c18276</projectId></Risk><Risk><id>d804284d-ce07-4040-b363-ef59000d6798</id><riskid>f9ed55d1-cf54-4759-aaef-c4f501f4695c</riskid><scoreVectorId>91270970-76d1-4826-a3d1-ba6d13115270</scoreVectorId><scoreBefore>0.35</scoreBefore><scoreEnd>0.075</scoreEnd><projectId>710a167f-a2ed-4f26-a9e1-30d540c18276</projectId></Risk></UltraData>