﻿<?xml version="1.0" encoding="UTF-8"?><UltraData><Risk><riskId>61e4c23a-e3ae-42c3-bef9-a3eead3e6db1</riskId><Fuze>财务部</Fuze><xiezuo>法律法规部</xiezuo><cuoshi>减少</cuoshi><chengben>0.000000000000000e+000</chengben><riskManagerId>1cea9c03-f5b1-4643-8ff7-093bcac19273</riskManagerId><miaoshu>聘请外部中介机构评估和审计财务体系</miaoshu></Risk><Risk><riskId>3c8d14c7-8a2c-4e5f-b956-02868c5fb846</riskId><Fuze>法律法规部</Fuze><xiezuo>生产运营部</xiezuo><cuoshi>减少</cuoshi><chengben>0.000000000000000e+000</chengben><riskManagerId>e9d05ba0-2dee-4e3d-ba0d-949c9dc03f53</riskManagerId><miaoshu>积极参与PSC项目，谨慎参与JOB项目，严格审查TAC项目</miaoshu></Risk><Risk><riskId>2d628b79-1dab-4489-a60a-c476a84a0808</riskId><Fuze>生产运营部</Fuze><xiezuo>法律法规部;风险管理部</xiezuo><cuoshi>转移</cuoshi><chengben>0.000000000000000e+000</chengben><riskManagerId>13513b42-91a0-486e-89c6-93cd83995b05</riskManagerId><miaoshu>所有第三方的服务和供应商交货全采用现场服务方式，交易整体打包</miaoshu></Risk><Risk><riskId>633f6037-2e4e-46ea-ba89-2bef53b7e8e9</riskId><Fuze>生产运营部;人力资源部</Fuze><xiezuo>风险管理部</xiezuo><cuoshi>减少</cuoshi><chengben>0.000000000000000e+000</chengben><riskManagerId>b4453f68-2a46-4459-941a-4c504a30f9ca</riskManagerId><miaoshu>制定完善的人才需求、资质、招聘和培养计划</miaoshu></Risk><Risk><riskId>b1edbd0b-a11a-45cd-9a7a-ac9852ad7d86</riskId><Fuze>法律法规部</Fuze><xiezuo></xiezuo><cuoshi>排除</cuoshi><chengben>0.000000000000000e+000</chengben><riskManagerId>eca364ff-f512-4515-a6cd-5e2694623f50</riskManagerId><miaoshu>实行合同签订轮审制度，全面评估和分析合同条款</miaoshu></Risk><Risk><riskId>f4bf0c5d-b34d-4ba4-b99d-d0e3a42b31e9</riskId><Fuze>生产运营部</Fuze><xiezuo></xiezuo><cuoshi>减少</cuoshi><chengben>0.000000000000000e+000</chengben><riskManagerId>7ebc16aa-9f08-4e0c-b828-7ba8b3049191</riskManagerId><miaoshu>增加约束条款、调整付款方式，加强合同管理和执行力</miaoshu></Risk><Risk><riskId>f4bf0c5d-b34d-4ba4-b99d-d0e3a42b31e9</riskId><Fuze>生产运营部</Fuze><xiezuo></xiezuo><cuoshi>减少</cuoshi><chengben>0.000000000000000e+000</chengben><riskManagerId>7ebc16aa-9f08-4e0c-b828-7ba8b3049191</riskManagerId><miaoshu>与有实力的供应商或服务商建立战略伙伴关系</miaoshu></Risk><Risk><riskId>f4bf0c5d-b34d-4ba4-b99d-d0e3a42b31e9</riskId><Fuze>生产运营部</Fuze><xiezuo></xiezuo><cuoshi>减少</cuoshi><chengben>0.000000000000000e+000</chengben><riskManagerId>7ebc16aa-9f08-4e0c-b828-7ba8b3049191</riskManagerId><miaoshu>建立流动资产优良率和变现能力评价制度</miaoshu></Risk><Risk><riskId>b5cfaa56-5258-4186-a984-2e0fc3fc6d30</riskId><Fuze>生产运营部</Fuze><xiezuo>法律法规部</xiezuo><cuoshi>减少</cuoshi><chengben>0.000000000000000e+000</chengben><riskManagerId>b0dc92e4-3cd5-44be-87be-31e0fafadc16</riskManagerId><miaoshu>制定和完善采购流程和标准</miaoshu></Risk><Risk><riskId>2d628b79-1dab-4489-a60a-c476a84a0808</riskId><Fuze>生产运营部</Fuze><xiezuo>法律法规部;风险管理部</xiezuo><cuoshi>减少</cuoshi><chengben>0.000000000000000e+000</chengben><riskManagerId>13513b42-91a0-486e-89c6-93cd83995b05</riskManagerId><miaoshu>努力减少中方员工的暴露机会和时间</miaoshu></Risk><Risk><riskId>b1edbd0b-a11a-45cd-9a7a-ac9852ad7d86</riskId><Fuze>法律法规部</Fuze><xiezuo></xiezuo><cuoshi>保留</cuoshi><chengben>0.000000000000000e+000</chengben><riskManagerId>eca364ff-f512-4515-a6cd-5e2694623f50</riskManagerId><miaoshu>注意保存来往函件、备忘录、会谈纪要、传真、电子数据等证据</miaoshu></Risk><Risk><riskId>64dfccac-bdb0-443a-9a55-f7b0f525b1e3</riskId><Fuze>生产运营部</Fuze><xiezuo>风险管理部</xiezuo><cuoshi>开发</cuoshi><chengben>0.000000000000000e+000</chengben><riskManagerId>dab26101-d7f9-4ac6-a421-0d92c243b625</riskManagerId><miaoshu>密切关注宏观经济、社会变化动态</miaoshu></Risk><Risk><riskId>61e4c23a-e3ae-42c3-bef9-a3eead3e6db1</riskId><Fuze>财务部</Fuze><xiezuo>法律法规部</xiezuo><cuoshi>减少</cuoshi><chengben>0.000000000000000e+000</chengben><riskManagerId>1cea9c03-f5b1-4643-8ff7-093bcac19273</riskManagerId><miaoshu>建立固定资产登记制度和流动资产监控机制</miaoshu></Risk><Risk><riskId>3c8d14c7-8a2c-4e5f-b956-02868c5fb846</riskId><Fuze>法律法规部</Fuze><xiezuo>生产运营部</xiezuo><cuoshi>排除</cuoshi><chengben>0.000000000000000e+000</chengben><riskManagerId>e9d05ba0-2dee-4e3d-ba0d-949c9dc03f53</riskManagerId><miaoshu>加强招投标程序管理，规避合同和商务风险</miaoshu></Risk><Risk><riskId>633f6037-2e4e-46ea-ba89-2bef53b7e8e9</riskId><Fuze>生产运营部;人力资源部</Fuze><xiezuo>风险管理部</xiezuo><cuoshi>减少</cuoshi><chengben>0.000000000000000e+000</chengben><riskManagerId>b4453f68-2a46-4459-941a-4c504a30f9ca</riskManagerId><miaoshu>树立本地化经营管理的理念和观念</miaoshu></Risk><Risk><riskId>7ad5effe-aeef-4a03-b69f-454e0a2b101c</riskId><Fuze>生产运营部</Fuze><xiezuo>风险管理部</xiezuo><cuoshi>减少</cuoshi><chengben>0.000000000000000e+000</chengben><riskManagerId>a9e5cb08-5997-46fd-88db-3d2f640ee703</riskManagerId><miaoshu>修改合同完善货币收支方式</miaoshu></Risk><Risk><riskId>f9ed55d1-cf54-4759-aaef-c4f501f4695c</riskId><Fuze>人力资源部</Fuze><xiezuo>法律法规部;生产运营部</xiezuo><cuoshi>排除</cuoshi><chengben>0.000000000000000e+000</chengben><riskManagerId>59521bb5-7791-4727-99f7-a01cdcdb17e7</riskManagerId><miaoshu>按照规定申请工作许可并缴纳相关费用</miaoshu></Risk><Risk><riskId>d026f073-85b4-40f6-adcb-ecf0baeee495</riskId><Fuze>生产运营部</Fuze><xiezuo></xiezuo><cuoshi>减少</cuoshi><chengben>0.000000000000000e+000</chengben><riskManagerId>6ceeef3f-3a5e-4185-80da-7b64e6142b2b</riskManagerId><miaoshu>开发运营或管理软件，实现数字化管理</miaoshu></Risk><Risk><riskId>2d80462c-ab4c-4789-9db8-7bd78e0e596f</riskId><Fuze>法律法规部</Fuze><xiezuo></xiezuo><cuoshi>排除</cuoshi><chengben>0.000000000000000e+000</chengben><riskManagerId>e242c0d1-2a6f-481e-83b7-566975ac8c58</riskManagerId><miaoshu>对拟设立的公司进行充分的法律设计</miaoshu></Risk><Risk><riskId>7ad5effe-aeef-4a03-b69f-454e0a2b101c</riskId><Fuze>生产运营部</Fuze><xiezuo>风险管理部</xiezuo><cuoshi>减少</cuoshi><chengben>0.000000000000000e+000</chengben><riskManagerId>a9e5cb08-5997-46fd-88db-3d2f640ee703</riskManagerId><miaoshu>借助金融衍生工具对冲风险</miaoshu></Risk><Risk><riskId>2d1704fb-78b9-401d-957a-aff7d999cc73</riskId><Fuze>法律法规部</Fuze><xiezuo>亚太公司</xiezuo><cuoshi>减少</cuoshi><chengben>0.000000000000000e+000</chengben><riskManagerId>27429fcb-ba09-4f41-89b6-9c13f126ff22</riskManagerId><miaoshu>形成于合作伙伴工作例会机制</miaoshu></Risk><Risk><riskId>2d628b79-1dab-4489-a60a-c476a84a0808</riskId><Fuze>生产运营部</Fuze><xiezuo>法律法规部;风险管理部</xiezuo><cuoshi>减少</cuoshi><chengben>0.000000000000000e+000</chengben><riskManagerId>13513b42-91a0-486e-89c6-93cd83995b05</riskManagerId><miaoshu>加强与国际安全组织的交流</miaoshu></Risk><Risk><riskId>3c8d14c7-8a2c-4e5f-b956-02868c5fb846</riskId><Fuze>法律法规部</Fuze><xiezuo>生产运营部</xiezuo><cuoshi>排除</cuoshi><chengben>0.000000000000000e+000</chengben><riskManagerId>e9d05ba0-2dee-4e3d-ba0d-949c9dc03f53</riskManagerId><miaoshu>实行合同签订轮审制度，全面评估和分析合同条款</miaoshu></Risk><Risk><riskId>d18b002c-0253-458b-87ec-e6ec2539ed98</riskId><Fuze>法律法规部</Fuze><xiezuo></xiezuo><cuoshi>排除</cuoshi><chengben>0.000000000000000e+000</chengben><riskManagerId>2405db2e-3348-4790-b3ab-b5fef99bc9f6</riskManagerId><miaoshu>注意查询其它公司的知识产权，防止法律诉讼案件发生</miaoshu></Risk><Risk><riskId>3c8d14c7-8a2c-4e5f-b956-02868c5fb846</riskId><Fuze>法律法规部</Fuze><xiezuo>生产运营部</xiezuo><cuoshi>排除</cuoshi><chengben>0.000000000000000e+000</chengben><riskManagerId>e9d05ba0-2dee-4e3d-ba0d-949c9dc03f53</riskManagerId><miaoshu>加强资质审核</miaoshu></Risk><Risk><riskId>61e4c23a-e3ae-42c3-bef9-a3eead3e6db1</riskId><Fuze>财务部</Fuze><xiezuo>法律法规部</xiezuo><cuoshi>减少</cuoshi><chengben>0.000000000000000e+000</chengben><riskManagerId>1cea9c03-f5b1-4643-8ff7-093bcac19273</riskManagerId><miaoshu>建立健全财务风险控制机制</miaoshu></Risk><Risk><riskId>70e299cc-e549-43ca-8a87-ad0e4a0abf77</riskId><Fuze>生产运营部</Fuze><xiezuo>风险管理部</xiezuo><cuoshi>转移</cuoshi><chengben>0.000000000000000e+000</chengben><riskManagerId>66d648d6-766d-40a4-bea2-f9e248cce8ce</riskManagerId><miaoshu>引入当地合作伙伴共同运营，将利润低的部分转包给当地公司，公司集中精力于利润高的部分</miaoshu></Risk><Risk><riskId>2d1704fb-78b9-401d-957a-aff7d999cc73</riskId><Fuze>法律法规部</Fuze><xiezuo>亚太公司</xiezuo><cuoshi>减少</cuoshi><chengben>0.000000000000000e+000</chengben><riskManagerId>27429fcb-ba09-4f41-89b6-9c13f126ff22</riskManagerId><miaoshu>与国际知名中介机构建立业务关系，及时了解最新变化动向</miaoshu></Risk><Risk><riskId>f4bf0c5d-b34d-4ba4-b99d-d0e3a42b31e9</riskId><Fuze>生产运营部</Fuze><xiezuo></xiezuo><cuoshi>减少</cuoshi><chengben>0.000000000000000e+000</chengben><riskManagerId>7ebc16aa-9f08-4e0c-b828-7ba8b3049191</riskManagerId><miaoshu>提倡供应商“寄售”模式，减少资金占用</miaoshu></Risk><Risk><riskId>b9c496ed-4232-44d2-977b-284706ec3bd6</riskId><Fuze>法律法规部;生产运营部</Fuze><xiezuo>风险管理部</xiezuo><cuoshi>减少</cuoshi><chengben>0.000000000000000e+000</chengben><riskManagerId>ae1f9d3f-743b-429f-888f-3fa1c3afed24</riskManagerId><miaoshu>加强资质审核</miaoshu></Risk><Risk><riskId>d18b002c-0253-458b-87ec-e6ec2539ed98</riskId><Fuze>法律法规部</Fuze><xiezuo></xiezuo><cuoshi>排除</cuoshi><chengben>0.000000000000000e+000</chengben><riskManagerId>2405db2e-3348-4790-b3ab-b5fef99bc9f6</riskManagerId><miaoshu>做好自身技术、材料和设备的知识产权保护工作</miaoshu></Risk><Risk><riskId>7ad5effe-aeef-4a03-b69f-454e0a2b101c</riskId><Fuze>生产运营部</Fuze><xiezuo>风险管理部</xiezuo><cuoshi>排除</cuoshi><chengben>0.000000000000000e+000</chengben><riskManagerId>a9e5cb08-5997-46fd-88db-3d2f640ee703</riskManagerId><miaoshu>密切关注宏观经济、社会变化动态</miaoshu></Risk><Risk><riskId>3c8d14c7-8a2c-4e5f-b956-02868c5fb846</riskId><Fuze>法律法规部</Fuze><xiezuo>生产运营部</xiezuo><cuoshi>排除</cuoshi><chengben>0.000000000000000e+000</chengben><riskManagerId>e9d05ba0-2dee-4e3d-ba0d-949c9dc03f53</riskManagerId><miaoshu>选择信用较好的业主</miaoshu></Risk><Risk><riskId>d026f073-85b4-40f6-adcb-ecf0baeee495</riskId><Fuze>生产运营部</Fuze><xiezuo></xiezuo><cuoshi>减少</cuoshi><chengben>0.000000000000000e+000</chengben><riskManagerId>6ceeef3f-3a5e-4185-80da-7b64e6142b2b</riskManagerId><miaoshu>制定并完善现场服务标准化作业程序</miaoshu></Risk><Risk><riskId>2d1704fb-78b9-401d-957a-aff7d999cc73</riskId><Fuze>法律法规部</Fuze><xiezuo>亚太公司</xiezuo><cuoshi>减少</cuoshi><chengben>0.000000000000000e+000</chengben><riskManagerId>27429fcb-ba09-4f41-89b6-9c13f126ff22</riskManagerId><miaoshu>积极参与当地政府举办的各种政策和法律培训、会议</miaoshu></Risk><Risk><riskId>70e299cc-e549-43ca-8a87-ad0e4a0abf77</riskId><Fuze>生产运营部</Fuze><xiezuo>风险管理部</xiezuo><cuoshi>转移</cuoshi><chengben>0.000000000000000e+000</chengben><riskManagerId>66d648d6-766d-40a4-bea2-f9e248cce8ce</riskManagerId><miaoshu>对于新型技术服务，将项目分包，分包商出具履约保函并承担作业风险</miaoshu></Risk><Risk><riskId>b1edbd0b-a11a-45cd-9a7a-ac9852ad7d86</riskId><Fuze>法律法规部</Fuze><xiezuo></xiezuo><cuoshi>排除</cuoshi><chengben>0.000000000000000e+000</chengben><riskManagerId>eca364ff-f512-4515-a6cd-5e2694623f50</riskManagerId><miaoshu>增加约束条款、调整付款方式，加强合同管理和执行力</miaoshu></Risk><Risk><riskId>2d1704fb-78b9-401d-957a-aff7d999cc73</riskId><Fuze>法律法规部</Fuze><xiezuo>亚太公司</xiezuo><cuoshi>减少</cuoshi><chengben>0.000000000000000e+000</chengben><riskManagerId>27429fcb-ba09-4f41-89b6-9c13f126ff22</riskManagerId><miaoshu>与当地政府保持沟通和交流，了解潜在政策变化</miaoshu></Risk><Risk><riskId>3c8d14c7-8a2c-4e5f-b956-02868c5fb846</riskId><Fuze>法律法规部</Fuze><xiezuo>生产运营部</xiezuo><cuoshi>排除</cuoshi><chengben>0.000000000000000e+000</chengben><riskManagerId>e9d05ba0-2dee-4e3d-ba0d-949c9dc03f53</riskManagerId><miaoshu>确定合理的市场进入策略和开发模式</miaoshu></Risk><Risk><riskId>70e299cc-e549-43ca-8a87-ad0e4a0abf77</riskId><Fuze>生产运营部</Fuze><xiezuo>风险管理部</xiezuo><cuoshi>转移</cuoshi><chengben>0.000000000000000e+000</chengben><riskManagerId>66d648d6-766d-40a4-bea2-f9e248cce8ce</riskManagerId><miaoshu>针对新型目标市场，通过与当地代理合作，实现快速突破，同时转移法律、政策和税务风险</miaoshu></Risk><Risk><riskId>2d628b79-1dab-4489-a60a-c476a84a0808</riskId><Fuze>生产运营部</Fuze><xiezuo>法律法规部;风险管理部</xiezuo><cuoshi>保留</cuoshi><chengben>0.000000000000000e+000</chengben><riskManagerId>13513b42-91a0-486e-89c6-93cd83995b05</riskManagerId><miaoshu>制定防恐和突发事件应急程序，开展反恐演习，增强突发事件的应急处理能力</miaoshu></Risk><Risk><riskId>2d628b79-1dab-4489-a60a-c476a84a0808</riskId><Fuze>生产运营部</Fuze><xiezuo>法律法规部;风险管理部</xiezuo><cuoshi>减少</cuoshi><chengben>0.000000000000000e+000</chengben><riskManagerId>13513b42-91a0-486e-89c6-93cd83995b05</riskManagerId><miaoshu>建立与大使馆及相关机构的沟通渠道，加强信息收集和分析</miaoshu></Risk><Risk><riskId>f9ed55d1-cf54-4759-aaef-c4f501f4695c</riskId><Fuze>人力资源部</Fuze><xiezuo>法律法规部;生产运营部</xiezuo><cuoshi>排除</cuoshi><chengben>0.000000000000000e+000</chengben><riskManagerId>59521bb5-7791-4727-99f7-a01cdcdb17e7</riskManagerId><miaoshu>严格规范当地雇员聘用手续和就职程序</miaoshu></Risk><Risk><riskId>633f6037-2e4e-46ea-ba89-2bef53b7e8e9</riskId><Fuze>生产运营部;人力资源部</Fuze><xiezuo>风险管理部</xiezuo><cuoshi>减少</cuoshi><chengben>0.000000000000000e+000</chengben><riskManagerId>b4453f68-2a46-4459-941a-4c504a30f9ca</riskManagerId><miaoshu>建立人才总部、国际、当地三级培训机制</miaoshu></Risk><Risk><riskId>b5cfaa56-5258-4186-a984-2e0fc3fc6d30</riskId><Fuze>生产运营部</Fuze><xiezuo>法律法规部</xiezuo><cuoshi>排除</cuoshi><chengben>0.000000000000000e+000</chengben><riskManagerId>b0dc92e4-3cd5-44be-87be-31e0fafadc16</riskManagerId><miaoshu>加强资质审核</miaoshu></Risk><Risk><riskId>b5cfaa56-5258-4186-a984-2e0fc3fc6d30</riskId><Fuze>生产运营部</Fuze><xiezuo>法律法规部</xiezuo><cuoshi>减少</cuoshi><chengben>0.000000000000000e+000</chengben><riskManagerId>b0dc92e4-3cd5-44be-87be-31e0fafadc16</riskManagerId><miaoshu>开发运营或管理软件，实现数字化管理</miaoshu></Risk><Risk><riskId>633f6037-2e4e-46ea-ba89-2bef53b7e8e9</riskId><Fuze>生产运营部;人力资源部</Fuze><xiezuo>风险管理部</xiezuo><cuoshi>减少</cuoshi><chengben>0.000000000000000e+000</chengben><riskManagerId>b4453f68-2a46-4459-941a-4c504a30f9ca</riskManagerId><miaoshu>制定人才本土化配套的管理制度、办法和程序</miaoshu></Risk><Risk><riskId>2d80462c-ab4c-4789-9db8-7bd78e0e596f</riskId><Fuze>法律法规部</Fuze><xiezuo></xiezuo><cuoshi>排除</cuoshi><chengben>0.000000000000000e+000</chengben><riskManagerId>e242c0d1-2a6f-481e-83b7-566975ac8c58</riskManagerId><miaoshu>在公司运营过程中完全依法履行公司的义务</miaoshu></Risk><Risk><riskId>2d628b79-1dab-4489-a60a-c476a84a0808</riskId><Fuze>生产运营部</Fuze><xiezuo>法律法规部;风险管理部</xiezuo><cuoshi>转移</cuoshi><chengben>0.000000000000000e+000</chengben><riskManagerId>13513b42-91a0-486e-89c6-93cd83995b05</riskManagerId><miaoshu>通过合同将现场和前线的政治和社会奉献转移给业主</miaoshu></Risk><Risk><riskId>3c8d14c7-8a2c-4e5f-b956-02868c5fb846</riskId><Fuze>法律法规部</Fuze><xiezuo>生产运营部</xiezuo><cuoshi>排除</cuoshi><chengben>0.000000000000000e+000</chengben><riskManagerId>e9d05ba0-2dee-4e3d-ba0d-949c9dc03f53</riskManagerId><miaoshu>增加约束条款、调整付款方式，加强合同管理和执行力</miaoshu></Risk><Risk><riskId>64dfccac-bdb0-443a-9a55-f7b0f525b1e3</riskId><Fuze>生产运营部</Fuze><xiezuo>风险管理部</xiezuo><cuoshi>提高</cuoshi><chengben>0.000000000000000e+000</chengben><riskManagerId>dab26101-d7f9-4ac6-a421-0d92c243b625</riskManagerId><miaoshu>修改合同完善货币收支方式</miaoshu></Risk></UltraData>