﻿<?xml version="1.0" encoding="UTF-8"?><UltraData><Risk><id>578c0508-917a-41a3-8258-6d27fed10519</id><projectId>710a167f-a2ed-4f26-a9e1-30d540c18276</projectId><matrix_x>c1a778b0-8176-42b9-9ed8-7c942f2af8e1</matrix_x><matrix_y>dea01836-7797-430b-a1ab-3dd20fde3533</matrix_y><matrix_title>机会概率影响矩阵</matrix_title><theType>机会</theType></Risk><Risk><id>f1820106-aa81-420b-8bbe-543adbbb2a19</id><projectId>710a167f-a2ed-4f26-a9e1-30d540c18276</projectId><matrix_x>05d778e7-53f3-487b-92a3-cb2c0be41e93</matrix_x><matrix_y>91270970-76d1-4826-a3d1-ba6d13115270</matrix_y><matrix_title>威胁概率影响矩阵</matrix_title><theType>威胁</theType></Risk></UltraData>