﻿<?xml version="1.0" encoding="UTF-8"?><UltraData><Risk><id>0e5deaca-0a92-499d-93a0-3d199a1c1906</id><fatherid>0</fatherid><title>投资风险管理</title></Risk><Risk><id>785a096a-bf38-4ccf-893a-bc094ecd20df</id><fatherid>0e5deaca-0a92-499d-93a0-3d199a1c1906</fatherid><title>并购风险管理</title></Risk><Risk><id>87ecd7cd-cde9-499c-9b80-db4b39af8a11</id><fatherid>0</fatherid><title>企业风险管理</title></Risk><Risk><id>e9863961-31e5-4ca2-ad4e-81ad44db18cf</id><fatherid>0</fatherid><title>全面风险管理</title></Risk><Risk><id>f15a5727-eed3-4f9a-bf36-b2408ebc6cd5</id><fatherid>87ecd7cd-cde9-499c-9b80-db4b39af8a11</fatherid><title>海外企业风险管理</title></Risk></UltraData>